time_step,method,task_id,position,urgency,duration
0,Greedy,T1,"(74, 14)",9,19.0
0,Greedy,T2,"(70, 81)",8,24.0
0,Greedy,T3,"(6, 0)",10,25.0
0,Greedy,T4,"(4, 22)",3,26.0
0,Greedy,T5,"(64, 51)",4,20.0
0,Greedy,T6,"(14, 62)",7,21.0
0,Greedy,T7,"(58, 89)",10,16.0
0,Greedy,T8,"(25, 30)",7,24.0
0,Greedy,T9,"(90, 39)",2,30.0
0,Greedy,T10,"(85, 76)",10,11.0
0,Auction,T1,"(74, 14)",9,19.0
0,Auction,T2,"(70, 81)",8,24.0
0,Auction,T3,"(6, 0)",10,25.0
0,Auction,T4,"(4, 22)",3,26.0
0,Auction,T5,"(64, 51)",4,20.0
0,Auction,T6,"(14, 62)",7,21.0
0,Auction,T7,"(58, 89)",10,16.0
0,Auction,T8,"(25, 30)",7,24.0
0,Auction,T9,"(90, 39)",2,30.0
0,Auction,T10,"(85, 76)",10,11.0
0,Q-Learning,T1,"(74, 14)",9,19.0
0,Q-Learning,T2,"(70, 81)",8,24.0
0,Q-Learning,T3,"(6, 0)",10,25.0
0,Q-Learning,T4,"(4, 22)",3,26.0
0,Q-Learning,T5,"(64, 51)",4,20.0
0,Q-Learning,T6,"(14, 62)",7,21.0
0,Q-Learning,T7,"(58, 89)",10,16.0
0,Q-Learning,T8,"(25, 30)",7,24.0
0,Q-Learning,T9,"(90, 39)",2,30.0
0,Q-Learning,T10,"(85, 76)",10,11.0
3,Greedy,D1,"(56, 91)",9,29.0
3,Auction,D1,"(56, 91)",9,29.0
3,Q-Learning,D1,"(56, 91)",9,29.0
4,Greedy,D1,"(56, 91)",10,29.0
4,Greedy,D2,"(89, 68)",6,16.0
4,Auction,D1,"(56, 91)",10,29.0
4,Auction,D2,"(89, 68)",6,16.0
4,Q-Learning,D1,"(56, 91)",10,29.0
4,Q-Learning,D2,"(89, 68)",6,16.0
5,Greedy,D1,"(56, 91)",11,29.0
5,Greedy,D2,"(89, 68)",7,16.0
5,Auction,D1,"(56, 91)",11,29.0
5,Auction,D2,"(89, 68)",7,16.0
5,Q-Learning,D1,"(56, 91)",11,29.0
5,Q-Learning,D2,"(89, 68)",7,16.0
6,Greedy,D1,"(56, 91)",12,29.0
6,Greedy,D2,"(89, 68)",8,16.0
6,Auction,D1,"(56, 91)",12,29.0
6,Auction,D2,"(89, 68)",8,16.0
6,Q-Learning,D1,"(56, 91)",12,29.0
6,Q-Learning,D2,"(89, 68)",8,16.0
7,Greedy,D1,"(56, 91)",13,29.0
7,Greedy,D2,"(89, 68)",9,16.0
7,Greedy,D3,"(0, 62)",2,24.0
7,Auction,D1,"(56, 91)",13,29.0
7,Auction,D2,"(89, 68)",9,16.0
7,Auction,D3,"(0, 62)",2,24.0
7,Q-Learning,D1,"(56, 91)",13,29.0
7,Q-Learning,D2,"(89, 68)",9,16.0
7,Q-Learning,D3,"(0, 62)",2,24.0
8,Greedy,D1,"(56, 91)",14,29.0
8,Greedy,D2,"(89, 68)",10,16.0
8,Greedy,D3,"(0, 62)",3,24.0
8,Greedy,D4,"(33, 47)",7,22.0
8,Auction,D1,"(56, 91)",14,29.0
8,Auction,D2,"(89, 68)",10,16.0
8,Auction,D3,"(0, 62)",3,24.0
8,Auction,D4,"(33, 47)",7,22.0
8,Q-Learning,D1,"(56, 91)",14,29.0
8,Q-Learning,D2,"(89, 68)",10,16.0
8,Q-Learning,D3,"(0, 62)",3,24.0
8,Q-Learning,D4,"(33, 47)",7,22.0
9,Greedy,D1,"(56, 91)",15,29.0
9,Greedy,D2,"(89, 68)",11,16.0
9,Greedy,D3,"(0, 62)",4,24.0
9,Greedy,D4,"(33, 47)",8,22.0
9,Auction,D1,"(56, 91)",15,29.0
9,Auction,D2,"(89, 68)",11,16.0
9,Auction,D3,"(0, 62)",4,24.0
9,Auction,D4,"(33, 47)",8,22.0
9,Q-Learning,D1,"(56, 91)",15,29.0
9,Q-Learning,D2,"(89, 68)",11,16.0
9,Q-Learning,D3,"(0, 62)",4,24.0
9,Q-Learning,D4,"(33, 47)",8,22.0
10,Greedy,D1,"(56, 91)",16,29.0
10,Greedy,D2,"(89, 68)",12,16.0
10,Greedy,D3,"(0, 62)",5,24.0
10,Greedy,D4,"(33, 47)",9,22.0
10,Auction,D1,"(56, 91)",16,29.0
10,Auction,D2,"(89, 68)",12,16.0
10,Auction,D3,"(0, 62)",5,24.0
10,Auction,D4,"(33, 47)",9,22.0
10,Q-Learning,D1,"(56, 91)",16,29.0
10,Q-Learning,D2,"(89, 68)",12,16.0
10,Q-Learning,D3,"(0, 62)",5,24.0
10,Q-Learning,D4,"(33, 47)",9,22.0
11,Greedy,D1,"(56, 91)",17,29.0
11,Greedy,D2,"(89, 68)",13,16.0
11,Greedy,D3,"(0, 62)",6,24.0
11,Greedy,D4,"(33, 47)",10,22.0
11,Auction,D1,"(56, 91)",17,29.0
11,Auction,D2,"(89, 68)",13,16.0
11,Auction,D3,"(0, 62)",6,24.0
11,Auction,D4,"(33, 47)",10,22.0
11,Q-Learning,D1,"(56, 91)",17,29.0
11,Q-Learning,D2,"(89, 68)",13,16.0
11,Q-Learning,D3,"(0, 62)",6,24.0
11,Q-Learning,D4,"(33, 47)",10,22.0
12,Greedy,D1,"(56, 91)",18,29.0
12,Greedy,D2,"(89, 68)",14,16.0
12,Greedy,D3,"(0, 62)",7,24.0
12,Greedy,D4,"(33, 47)",11,22.0
12,Auction,D1,"(56, 91)",18,29.0
12,Auction,D2,"(89, 68)",14,16.0
12,Auction,D3,"(0, 62)",7,24.0
12,Auction,D4,"(33, 47)",11,22.0
12,Q-Learning,D1,"(56, 91)",18,29.0
12,Q-Learning,D2,"(89, 68)",14,16.0
12,Q-Learning,D3,"(0, 62)",7,24.0
12,Q-Learning,D4,"(33, 47)",11,22.0
13,Greedy,D1,"(56, 91)",19,29.0
13,Greedy,D2,"(89, 68)",15,16.0
13,Greedy,D3,"(0, 62)",8,24.0
13,Greedy,D4,"(33, 47)",12,22.0
13,Greedy,D5,"(78, 28)",6,26.0
13,Auction,D1,"(56, 91)",19,29.0
13,Auction,D3,"(0, 62)",8,24.0
13,Auction,D4,"(33, 47)",12,22.0
13,Auction,D5,"(78, 28)",6,26.0
13,Q-Learning,D1,"(56, 91)",19,29.0
13,Q-Learning,D2,"(89, 68)",15,16.0
13,Q-Learning,D3,"(0, 62)",8,24.0
13,Q-Learning,D4,"(33, 47)",12,22.0
13,Q-Learning,D5,"(78, 28)",6,26.0
14,Greedy,D1,"(56, 91)",20,29.0
14,Greedy,D2,"(89, 68)",16,16.0
14,Greedy,D3,"(0, 62)",9,24.0
14,Greedy,D4,"(33, 47)",13,22.0
14,Greedy,D5,"(78, 28)",7,26.0
14,Auction,D1,"(56, 91)",20,29.0
14,Auction,D3,"(0, 62)",9,24.0
14,Auction,D4,"(33, 47)",13,22.0
14,Auction,D5,"(78, 28)",7,26.0
14,Q-Learning,D1,"(56, 91)",20,29.0
14,Q-Learning,D2,"(89, 68)",16,16.0
14,Q-Learning,D3,"(0, 62)",9,24.0
14,Q-Learning,D4,"(33, 47)",13,22.0
14,Q-Learning,D5,"(78, 28)",7,26.0
15,Greedy,D2,"(89, 68)",17,16.0
15,Greedy,D3,"(0, 62)",10,24.0
15,Greedy,D4,"(33, 47)",14,22.0
15,Greedy,D5,"(78, 28)",8,26.0
15,Auction,D1,"(56, 91)",21,29.0
15,Auction,D3,"(0, 62)",10,24.0
15,Auction,D4,"(33, 47)",14,22.0
15,Auction,D5,"(78, 28)",8,26.0
15,Q-Learning,D1,"(56, 91)",21,29.0
15,Q-Learning,D2,"(89, 68)",17,16.0
15,Q-Learning,D3,"(0, 62)",10,24.0
15,Q-Learning,D4,"(33, 47)",14,22.0
15,Q-Learning,D5,"(78, 28)",8,26.0
16,Greedy,D2,"(89, 68)",18,16.0
16,Greedy,D3,"(0, 62)",11,24.0
16,Greedy,D4,"(33, 47)",15,22.0
16,Greedy,D5,"(78, 28)",9,26.0
16,Auction,D1,"(56, 91)",22,29.0
16,Auction,D3,"(0, 62)",11,24.0
16,Auction,D4,"(33, 47)",15,22.0
16,Auction,D5,"(78, 28)",9,26.0
16,Q-Learning,D1,"(56, 91)",22,29.0
16,Q-Learning,D2,"(89, 68)",18,16.0
16,Q-Learning,D3,"(0, 62)",11,24.0
16,Q-Learning,D4,"(33, 47)",15,22.0
16,Q-Learning,D5,"(78, 28)",9,26.0
17,Greedy,D2,"(89, 68)",19,16.0
17,Greedy,D3,"(0, 62)",12,24.0
17,Greedy,D4,"(33, 47)",16,22.0
17,Greedy,D5,"(78, 28)",10,26.0
17,Auction,D1,"(56, 91)",23,29.0
17,Auction,D3,"(0, 62)",12,24.0
17,Auction,D4,"(33, 47)",16,22.0
17,Auction,D5,"(78, 28)",10,26.0
17,Q-Learning,D1,"(56, 91)",23,29.0
17,Q-Learning,D2,"(89, 68)",19,16.0
17,Q-Learning,D3,"(0, 62)",12,24.0
17,Q-Learning,D4,"(33, 47)",16,22.0
17,Q-Learning,D5,"(78, 28)",10,26.0
18,Greedy,D2,"(89, 68)",20,16.0
18,Greedy,D3,"(0, 62)",13,24.0
18,Greedy,D4,"(33, 47)",17,22.0
18,Greedy,D5,"(78, 28)",11,26.0
18,Greedy,D6,"(93, 93)",4,22.0
18,Auction,D1,"(56, 91)",24,29.0
18,Auction,D3,"(0, 62)",13,24.0
18,Auction,D4,"(33, 47)",17,22.0
18,Auction,D5,"(78, 28)",11,26.0
18,Auction,D6,"(93, 93)",4,22.0
18,Q-Learning,D1,"(56, 91)",24,29.0
18,Q-Learning,D2,"(89, 68)",20,16.0
18,Q-Learning,D3,"(0, 62)",13,24.0
18,Q-Learning,D4,"(33, 47)",17,22.0
18,Q-Learning,D5,"(78, 28)",11,26.0
18,Q-Learning,D6,"(93, 93)",4,22.0
19,Greedy,D2,"(89, 68)",21,16.0
19,Greedy,D3,"(0, 62)",14,24.0
19,Greedy,D4,"(33, 47)",18,22.0
19,Greedy,D5,"(78, 28)",12,26.0
19,Greedy,D6,"(93, 93)",5,22.0
19,Auction,D1,"(56, 91)",25,29.0
19,Auction,D3,"(0, 62)",14,24.0
19,Auction,D4,"(33, 47)",18,22.0
19,Auction,D5,"(78, 28)",12,26.0
19,Auction,D6,"(93, 93)",5,22.0
19,Q-Learning,D1,"(56, 91)",25,29.0
19,Q-Learning,D2,"(89, 68)",21,16.0
19,Q-Learning,D3,"(0, 62)",14,24.0
19,Q-Learning,D4,"(33, 47)",18,22.0
19,Q-Learning,D5,"(78, 28)",12,26.0
19,Q-Learning,D6,"(93, 93)",5,22.0
20,Greedy,D2,"(89, 68)",22,16.0
20,Greedy,D3,"(0, 62)",15,24.0
20,Greedy,D4,"(33, 47)",19,22.0
20,Greedy,D5,"(78, 28)",13,26.0
20,Greedy,D6,"(93, 93)",6,22.0
20,Auction,D1,"(56, 91)",26,29.0
20,Auction,D3,"(0, 62)",15,24.0
20,Auction,D4,"(33, 47)",19,22.0
20,Auction,D5,"(78, 28)",13,26.0
20,Auction,D6,"(93, 93)",6,22.0
20,Q-Learning,D1,"(56, 91)",26,29.0
20,Q-Learning,D2,"(89, 68)",22,16.0
20,Q-Learning,D3,"(0, 62)",15,24.0
20,Q-Learning,D4,"(33, 47)",19,22.0
20,Q-Learning,D5,"(78, 28)",13,26.0
20,Q-Learning,D6,"(93, 93)",6,22.0
21,Greedy,D3,"(0, 62)",16,24.0
21,Greedy,D4,"(33, 47)",20,22.0
21,Greedy,D5,"(78, 28)",14,26.0
21,Greedy,D6,"(93, 93)",7,22.0
21,Auction,D3,"(0, 62)",16,24.0
21,Auction,D4,"(33, 47)",20,22.0
21,Auction,D5,"(78, 28)",14,26.0
21,Auction,D6,"(93, 93)",7,22.0
21,Q-Learning,D1,"(56, 91)",27,29.0
21,Q-Learning,D2,"(89, 68)",23,16.0
21,Q-Learning,D3,"(0, 62)",16,24.0
21,Q-Learning,D4,"(33, 47)",20,22.0
21,Q-Learning,D5,"(78, 28)",14,26.0
21,Q-Learning,D6,"(93, 93)",7,22.0
22,Greedy,D3,"(0, 62)",17,24.0
22,Greedy,D4,"(33, 47)",21,22.0
22,Greedy,D5,"(78, 28)",15,26.0
22,Greedy,D6,"(93, 93)",8,22.0
22,Auction,D3,"(0, 62)",17,24.0
22,Auction,D4,"(33, 47)",21,22.0
22,Auction,D5,"(78, 28)",15,26.0
22,Auction,D6,"(93, 93)",8,22.0
22,Q-Learning,D1,"(56, 91)",28,29.0
22,Q-Learning,D2,"(89, 68)",24,16.0
22,Q-Learning,D3,"(0, 62)",17,24.0
22,Q-Learning,D4,"(33, 47)",21,22.0
22,Q-Learning,D5,"(78, 28)",15,26.0
22,Q-Learning,D6,"(93, 93)",8,22.0
23,Greedy,D3,"(0, 62)",18,24.0
23,Greedy,D5,"(78, 28)",16,26.0
23,Greedy,D6,"(93, 93)",9,22.0
23,Greedy,D7,"(37, 18)",5,23.0
23,Auction,D3,"(0, 62)",18,24.0
23,Auction,D4,"(33, 47)",22,22.0
23,Auction,D6,"(93, 93)",9,22.0
23,Auction,D7,"(37, 18)",5,23.0
23,Q-Learning,D1,"(56, 91)",29,29.0
23,Q-Learning,D2,"(89, 68)",25,16.0
23,Q-Learning,D3,"(0, 62)",18,24.0
23,Q-Learning,D4,"(33, 47)",22,22.0
23,Q-Learning,D5,"(78, 28)",16,26.0
23,Q-Learning,D6,"(93, 93)",9,22.0
23,Q-Learning,D7,"(37, 18)",5,23.0
24,Greedy,D5,"(78, 28)",17,26.0
24,Greedy,D6,"(93, 93)",10,22.0
24,Greedy,D7,"(37, 18)",6,23.0
24,Greedy,D8,"(55, 99)",5,18.0
24,Auction,D4,"(33, 47)",23,22.0
24,Auction,D6,"(93, 93)",10,22.0
24,Auction,D7,"(37, 18)",6,23.0
24,Auction,D8,"(55, 99)",5,18.0
24,Q-Learning,D3,"(0, 62)",19,24.0
24,Q-Learning,D4,"(33, 47)",23,22.0
24,Q-Learning,D5,"(78, 28)",17,26.0
24,Q-Learning,D6,"(93, 93)",10,22.0
24,Q-Learning,D7,"(37, 18)",6,23.0
24,Q-Learning,D8,"(55, 99)",5,18.0
25,Greedy,D5,"(78, 28)",18,26.0
25,Greedy,D6,"(93, 93)",11,22.0
25,Greedy,D7,"(37, 18)",7,23.0
25,Greedy,D8,"(55, 99)",6,18.0
25,Greedy,D9,"(1, 38)",8,10.0
25,Auction,D4,"(33, 47)",24,22.0
25,Auction,D6,"(93, 93)",11,22.0
25,Auction,D7,"(37, 18)",7,23.0
25,Auction,D8,"(55, 99)",6,18.0
25,Auction,D9,"(1, 38)",8,10.0
25,Q-Learning,D3,"(0, 62)",20,24.0
25,Q-Learning,D4,"(33, 47)",24,22.0
25,Q-Learning,D5,"(78, 28)",18,26.0
25,Q-Learning,D6,"(93, 93)",11,22.0
25,Q-Learning,D7,"(37, 18)",7,23.0
25,Q-Learning,D8,"(55, 99)",6,18.0
25,Q-Learning,D9,"(1, 38)",8,10.0
26,Greedy,D5,"(78, 28)",19,26.0
26,Greedy,D6,"(93, 93)",12,22.0
26,Greedy,D7,"(37, 18)",8,23.0
26,Greedy,D8,"(55, 99)",7,18.0
26,Greedy,D9,"(1, 38)",9,10.0
26,Greedy,D10,"(75, 97)",8,10.0
26,Auction,D4,"(33, 47)",25,22.0
26,Auction,D6,"(93, 93)",12,22.0
26,Auction,D7,"(37, 18)",8,23.0
26,Auction,D8,"(55, 99)",7,18.0
26,Auction,D9,"(1, 38)",9,10.0
26,Auction,D10,"(75, 97)",8,10.0
26,Q-Learning,D3,"(0, 62)",21,24.0
26,Q-Learning,D5,"(78, 28)",19,26.0
26,Q-Learning,D6,"(93, 93)",12,22.0
26,Q-Learning,D7,"(37, 18)",8,23.0
26,Q-Learning,D8,"(55, 99)",7,18.0
26,Q-Learning,D9,"(1, 38)",9,10.0
26,Q-Learning,D10,"(75, 97)",8,10.0
27,Greedy,D5,"(78, 28)",20,26.0
27,Greedy,D6,"(93, 93)",13,22.0
27,Greedy,D7,"(37, 18)",9,23.0
27,Greedy,D8,"(55, 99)",8,18.0
27,Greedy,D9,"(1, 38)",10,10.0
27,Greedy,D10,"(75, 97)",9,10.0
27,Greedy,D11,"(12, 88)",10,15.0
27,Auction,D4,"(33, 47)",26,22.0
27,Auction,D6,"(93, 93)",13,22.0
27,Auction,D7,"(37, 18)",9,23.0
27,Auction,D8,"(55, 99)",8,18.0
27,Auction,D9,"(1, 38)",10,10.0
27,Auction,D10,"(75, 97)",9,10.0
27,Auction,D11,"(12, 88)",10,15.0
27,Q-Learning,D3,"(0, 62)",22,24.0
27,Q-Learning,D5,"(78, 28)",20,26.0
27,Q-Learning,D7,"(37, 18)",9,23.0
27,Q-Learning,D8,"(55, 99)",8,18.0
27,Q-Learning,D9,"(1, 38)",10,10.0
27,Q-Learning,D10,"(75, 97)",9,10.0
27,Q-Learning,D11,"(12, 88)",10,15.0
28,Greedy,D7,"(37, 18)",10,23.0
28,Greedy,D8,"(55, 99)",9,18.0
28,Greedy,D10,"(75, 97)",10,10.0
28,Auction,D6,"(93, 93)",14,22.0
28,Auction,D9,"(1, 38)",11,10.0
28,Auction,D11,"(12, 88)",11,15.0
28,Q-Learning,D5,"(78, 28)",21,26.0
28,Q-Learning,D8,"(55, 99)",9,18.0
28,Q-Learning,D9,"(1, 38)",11,10.0
28,Q-Learning,D11,"(12, 88)",11,15.0
29,Greedy,D7,"(37, 18)",11,23.0
29,Greedy,D8,"(55, 99)",10,18.0
29,Greedy,D10,"(75, 97)",11,10.0
29,Auction,D6,"(93, 93)",15,22.0
29,Auction,D9,"(1, 38)",12,10.0
29,Auction,D11,"(12, 88)",12,15.0
29,Q-Learning,D8,"(55, 99)",10,18.0
29,Q-Learning,D9,"(1, 38)",12,10.0
29,Q-Learning,D11,"(12, 88)",12,15.0
30,Greedy,D7,"(37, 18)",12,23.0
30,Greedy,D8,"(55, 99)",11,18.0
30,Greedy,D10,"(75, 97)",12,10.0
30,Auction,D6,"(93, 93)",16,22.0
30,Auction,D9,"(1, 38)",13,10.0
30,Auction,D11,"(12, 88)",13,15.0
30,Q-Learning,D8,"(55, 99)",11,18.0
30,Q-Learning,D9,"(1, 38)",13,10.0
30,Q-Learning,D11,"(12, 88)",13,15.0
31,Greedy,D7,"(37, 18)",13,23.0
31,Greedy,D8,"(55, 99)",12,18.0
31,Greedy,D10,"(75, 97)",13,10.0
31,Auction,D9,"(1, 38)",14,10.0
31,Auction,D11,"(12, 88)",14,15.0
31,Q-Learning,D8,"(55, 99)",12,18.0
31,Q-Learning,D9,"(1, 38)",14,10.0
31,Q-Learning,D11,"(12, 88)",14,15.0
32,Greedy,D7,"(37, 18)",14,23.0
32,Greedy,D8,"(55, 99)",13,18.0
32,Greedy,D10,"(75, 97)",14,10.0
32,Auction,D9,"(1, 38)",15,10.0
32,Auction,D11,"(12, 88)",15,15.0
32,Q-Learning,D8,"(55, 99)",13,18.0
32,Q-Learning,D9,"(1, 38)",15,10.0
32,Q-Learning,D11,"(12, 88)",15,15.0
33,Greedy,D7,"(37, 18)",15,23.0
33,Greedy,D8,"(55, 99)",14,18.0
33,Greedy,D10,"(75, 97)",15,10.0
33,Greedy,D12,"(93, 54)",4,29.0
33,Auction,D9,"(1, 38)",16,10.0
33,Auction,D11,"(12, 88)",16,15.0
33,Auction,D12,"(93, 54)",4,29.0
33,Q-Learning,D8,"(55, 99)",14,18.0
33,Q-Learning,D9,"(1, 38)",16,10.0
33,Q-Learning,D11,"(12, 88)",16,15.0
33,Q-Learning,D12,"(93, 54)",4,29.0
34,Greedy,D7,"(37, 18)",16,23.0
34,Greedy,D8,"(55, 99)",15,18.0
34,Greedy,D10,"(75, 97)",16,10.0
34,Greedy,D12,"(93, 54)",5,29.0
34,Auction,D9,"(1, 38)",17,10.0
34,Auction,D11,"(12, 88)",17,15.0
34,Auction,D12,"(93, 54)",5,29.0
34,Q-Learning,D8,"(55, 99)",15,18.0
34,Q-Learning,D9,"(1, 38)",17,10.0
34,Q-Learning,D11,"(12, 88)",17,15.0
34,Q-Learning,D12,"(93, 54)",5,29.0
35,Greedy,D7,"(37, 18)",17,23.0
35,Greedy,D8,"(55, 99)",16,18.0
35,Greedy,D10,"(75, 97)",17,10.0
35,Greedy,D12,"(93, 54)",6,29.0
35,Auction,D9,"(1, 38)",18,10.0
35,Auction,D11,"(12, 88)",18,15.0
35,Auction,D12,"(93, 54)",6,29.0
35,Q-Learning,D8,"(55, 99)",16,18.0
35,Q-Learning,D9,"(1, 38)",18,10.0
35,Q-Learning,D11,"(12, 88)",18,15.0
35,Q-Learning,D12,"(93, 54)",6,29.0
36,Greedy,D7,"(37, 18)",18,23.0
36,Greedy,D8,"(55, 99)",17,18.0
36,Greedy,D10,"(75, 97)",18,10.0
36,Greedy,D12,"(93, 54)",7,29.0
36,Auction,D9,"(1, 38)",19,10.0
36,Auction,D11,"(12, 88)",19,15.0
36,Auction,D12,"(93, 54)",7,29.0
36,Q-Learning,D8,"(55, 99)",17,18.0
36,Q-Learning,D9,"(1, 38)",19,10.0
36,Q-Learning,D11,"(12, 88)",19,15.0
36,Q-Learning,D12,"(93, 54)",7,29.0
37,Greedy,D7,"(37, 18)",19,23.0
37,Greedy,D8,"(55, 99)",18,18.0
37,Greedy,D10,"(75, 97)",19,10.0
37,Greedy,D12,"(93, 54)",8,29.0
37,Greedy,D13,"(45, 21)",2,11.0
37,Auction,D9,"(1, 38)",20,10.0
37,Auction,D11,"(12, 88)",20,15.0
37,Auction,D12,"(93, 54)",8,29.0
37,Auction,D13,"(45, 21)",2,11.0
37,Q-Learning,D8,"(55, 99)",18,18.0
37,Q-Learning,D9,"(1, 38)",20,10.0
37,Q-Learning,D11,"(12, 88)",20,15.0
37,Q-Learning,D12,"(93, 54)",8,29.0
37,Q-Learning,D13,"(45, 21)",2,11.0
38,Greedy,D7,"(37, 18)",20,23.0
38,Greedy,D8,"(55, 99)",19,18.0
38,Greedy,D10,"(75, 97)",20,10.0
38,Greedy,D12,"(93, 54)",9,29.0
38,Greedy,D13,"(45, 21)",3,11.0
38,Auction,D9,"(1, 38)",21,10.0
38,Auction,D11,"(12, 88)",21,15.0
38,Auction,D12,"(93, 54)",9,29.0
38,Auction,D13,"(45, 21)",3,11.0
38,Q-Learning,D8,"(55, 99)",19,18.0
38,Q-Learning,D9,"(1, 38)",21,10.0
38,Q-Learning,D11,"(12, 88)",21,15.0
38,Q-Learning,D12,"(93, 54)",9,29.0
38,Q-Learning,D13,"(45, 21)",3,11.0
39,Greedy,D8,"(55, 99)",20,18.0
39,Greedy,D12,"(93, 54)",10,29.0
39,Greedy,D13,"(45, 21)",4,11.0
39,Greedy,D14,"(31, 20)",10,15.0
39,Auction,D11,"(12, 88)",22,15.0
39,Auction,D12,"(93, 54)",10,29.0
39,Auction,D13,"(45, 21)",4,11.0
39,Auction,D14,"(31, 20)",10,15.0
39,Q-Learning,D8,"(55, 99)",20,18.0
39,Q-Learning,D11,"(12, 88)",22,15.0
39,Q-Learning,D12,"(93, 54)",10,29.0
39,Q-Learning,D13,"(45, 21)",4,11.0
39,Q-Learning,D14,"(31, 20)",10,15.0
40,Greedy,D8,"(55, 99)",21,18.0
40,Greedy,D12,"(93, 54)",11,29.0
40,Greedy,D13,"(45, 21)",5,11.0
40,Greedy,D14,"(31, 20)",11,15.0
40,Greedy,D15,"(68, 45)",7,12.0
40,Auction,D11,"(12, 88)",23,15.0
40,Auction,D12,"(93, 54)",11,29.0
40,Auction,D13,"(45, 21)",5,11.0
40,Auction,D14,"(31, 20)",11,15.0
40,Auction,D15,"(68, 45)",7,12.0
40,Q-Learning,D11,"(12, 88)",23,15.0
40,Q-Learning,D12,"(93, 54)",11,29.0
40,Q-Learning,D13,"(45, 21)",5,11.0
40,Q-Learning,D14,"(31, 20)",11,15.0
40,Q-Learning,D15,"(68, 45)",7,12.0
41,Greedy,D8,"(55, 99)",22,18.0
41,Greedy,D12,"(93, 54)",12,29.0
41,Greedy,D13,"(45, 21)",6,11.0
41,Greedy,D14,"(31, 20)",12,15.0
41,Greedy,D15,"(68, 45)",8,12.0
41,Greedy,D16,"(26, 4)",9,19.0
41,Auction,D12,"(93, 54)",12,29.0
41,Auction,D13,"(45, 21)",6,11.0
41,Auction,D14,"(31, 20)",12,15.0
41,Auction,D15,"(68, 45)",8,12.0
41,Auction,D16,"(26, 4)",9,19.0
41,Q-Learning,D11,"(12, 88)",24,15.0
41,Q-Learning,D13,"(45, 21)",6,11.0
41,Q-Learning,D14,"(31, 20)",12,15.0
41,Q-Learning,D15,"(68, 45)",8,12.0
41,Q-Learning,D16,"(26, 4)",9,19.0
42,Greedy,D8,"(55, 99)",23,18.0
42,Greedy,D12,"(93, 54)",13,29.0
42,Greedy,D13,"(45, 21)",7,11.0
42,Greedy,D15,"(68, 45)",9,12.0
42,Greedy,D16,"(26, 4)",10,19.0
42,Auction,D13,"(45, 21)",7,11.0
42,Auction,D14,"(31, 20)",13,15.0
42,Auction,D15,"(68, 45)",9,12.0
42,Auction,D16,"(26, 4)",10,19.0
42,Q-Learning,D11,"(12, 88)",25,15.0
42,Q-Learning,D13,"(45, 21)",7,11.0
42,Q-Learning,D14,"(31, 20)",13,15.0
42,Q-Learning,D15,"(68, 45)",9,12.0
42,Q-Learning,D16,"(26, 4)",10,19.0
43,Greedy,D8,"(55, 99)",24,18.0
43,Greedy,D12,"(93, 54)",14,29.0
43,Greedy,D13,"(45, 21)",8,11.0
43,Greedy,D15,"(68, 45)",10,12.0
43,Greedy,D16,"(26, 4)",11,19.0
43,Greedy,D17,"(69, 56)",2,18.0
43,Auction,D13,"(45, 21)",8,11.0
43,Auction,D14,"(31, 20)",14,15.0
43,Auction,D15,"(68, 45)",10,12.0
43,Auction,D16,"(26, 4)",11,19.0
43,Auction,D17,"(69, 56)",2,18.0
43,Q-Learning,D11,"(12, 88)",26,15.0
43,Q-Learning,D13,"(45, 21)",8,11.0
43,Q-Learning,D14,"(31, 20)",14,15.0
43,Q-Learning,D15,"(68, 45)",10,12.0
43,Q-Learning,D16,"(26, 4)",11,19.0
43,Q-Learning,D17,"(69, 56)",2,18.0
44,Greedy,D8,"(55, 99)",25,18.0
44,Greedy,D12,"(93, 54)",15,29.0
44,Greedy,D13,"(45, 21)",9,11.0
44,Greedy,D15,"(68, 45)",11,12.0
44,Greedy,D16,"(26, 4)",12,19.0
44,Greedy,D17,"(69, 56)",3,18.0
44,Greedy,D18,"(1, 41)",1,28.0
44,Auction,D13,"(45, 21)",9,11.0
44,Auction,D14,"(31, 20)",15,15.0
44,Auction,D15,"(68, 45)",11,12.0
44,Auction,D16,"(26, 4)",12,19.0
44,Auction,D17,"(69, 56)",3,18.0
44,Auction,D18,"(1, 41)",1,28.0
44,Q-Learning,D11,"(12, 88)",27,15.0
44,Q-Learning,D13,"(45, 21)",9,11.0
44,Q-Learning,D14,"(31, 20)",15,15.0
44,Q-Learning,D15,"(68, 45)",11,12.0
44,Q-Learning,D16,"(26, 4)",12,19.0
44,Q-Learning,D17,"(69, 56)",3,18.0
44,Q-Learning,D18,"(1, 41)",1,28.0
45,Greedy,D8,"(55, 99)",26,18.0
45,Greedy,D12,"(93, 54)",16,29.0
45,Greedy,D15,"(68, 45)",12,12.0
45,Greedy,D16,"(26, 4)",13,19.0
45,Greedy,D17,"(69, 56)",4,18.0
45,Greedy,D18,"(1, 41)",2,28.0
45,Auction,D13,"(45, 21)",10,11.0
45,Auction,D14,"(31, 20)",16,15.0
45,Auction,D15,"(68, 45)",12,12.0
45,Auction,D16,"(26, 4)",13,19.0
45,Auction,D17,"(69, 56)",4,18.0
45,Auction,D18,"(1, 41)",2,28.0
45,Q-Learning,D11,"(12, 88)",28,15.0
45,Q-Learning,D13,"(45, 21)",10,11.0
45,Q-Learning,D14,"(31, 20)",16,15.0
45,Q-Learning,D15,"(68, 45)",12,12.0
45,Q-Learning,D16,"(26, 4)",13,19.0
45,Q-Learning,D18,"(1, 41)",2,28.0
46,Greedy,D8,"(55, 99)",27,18.0
46,Greedy,D12,"(93, 54)",17,29.0
46,Greedy,D15,"(68, 45)",13,12.0
46,Greedy,D16,"(26, 4)",14,19.0
46,Greedy,D17,"(69, 56)",5,18.0
46,Greedy,D18,"(1, 41)",3,28.0
46,Greedy,D19,"(20, 63)",3,15.0
46,Auction,D13,"(45, 21)",11,11.0
46,Auction,D14,"(31, 20)",17,15.0
46,Auction,D15,"(68, 45)",13,12.0
46,Auction,D16,"(26, 4)",14,19.0
46,Auction,D17,"(69, 56)",5,18.0
46,Auction,D18,"(1, 41)",3,28.0
46,Auction,D19,"(20, 63)",3,15.0
46,Q-Learning,D11,"(12, 88)",29,15.0
46,Q-Learning,D13,"(45, 21)",11,11.0
46,Q-Learning,D14,"(31, 20)",17,15.0
46,Q-Learning,D15,"(68, 45)",13,12.0
46,Q-Learning,D16,"(26, 4)",14,19.0
46,Q-Learning,D18,"(1, 41)",3,28.0
46,Q-Learning,D19,"(20, 63)",3,15.0
47,Greedy,D8,"(55, 99)",28,18.0
47,Greedy,D12,"(93, 54)",18,29.0
47,Greedy,D15,"(68, 45)",14,12.0
47,Greedy,D16,"(26, 4)",15,19.0
47,Greedy,D17,"(69, 56)",6,18.0
47,Greedy,D18,"(1, 41)",4,28.0
47,Greedy,D19,"(20, 63)",4,15.0
47,Greedy,D20,"(35, 97)",4,15.0
47,Auction,D13,"(45, 21)",12,11.0
47,Auction,D14,"(31, 20)",18,15.0
47,Auction,D15,"(68, 45)",14,12.0
47,Auction,D16,"(26, 4)",15,19.0
47,Auction,D17,"(69, 56)",6,18.0
47,Auction,D18,"(1, 41)",4,28.0
47,Auction,D19,"(20, 63)",4,15.0
47,Auction,D20,"(35, 97)",4,15.0
47,Q-Learning,D11,"(12, 88)",30,15.0
47,Q-Learning,D13,"(45, 21)",12,11.0
47,Q-Learning,D14,"(31, 20)",18,15.0
47,Q-Learning,D15,"(68, 45)",14,12.0
47,Q-Learning,D16,"(26, 4)",15,19.0
47,Q-Learning,D18,"(1, 41)",4,28.0
47,Q-Learning,D19,"(20, 63)",4,15.0
47,Q-Learning,D20,"(35, 97)",4,15.0
48,Greedy,D8,"(55, 99)",29,18.0
48,Greedy,D12,"(93, 54)",19,29.0
48,Greedy,D15,"(68, 45)",15,12.0
48,Greedy,D16,"(26, 4)",16,19.0
48,Greedy,D17,"(69, 56)",7,18.0
48,Greedy,D18,"(1, 41)",5,28.0
48,Greedy,D19,"(20, 63)",5,15.0
48,Greedy,D20,"(35, 97)",5,15.0
48,Auction,D13,"(45, 21)",13,11.0
48,Auction,D14,"(31, 20)",19,15.0
48,Auction,D15,"(68, 45)",15,12.0
48,Auction,D16,"(26, 4)",16,19.0
48,Auction,D17,"(69, 56)",7,18.0
48,Auction,D18,"(1, 41)",5,28.0
48,Auction,D19,"(20, 63)",5,15.0
48,Auction,D20,"(35, 97)",5,15.0
48,Q-Learning,D11,"(12, 88)",31,15.0
48,Q-Learning,D13,"(45, 21)",13,11.0
48,Q-Learning,D14,"(31, 20)",19,15.0
48,Q-Learning,D15,"(68, 45)",15,12.0
48,Q-Learning,D16,"(26, 4)",16,19.0
48,Q-Learning,D18,"(1, 41)",5,28.0
48,Q-Learning,D19,"(20, 63)",5,15.0
48,Q-Learning,D20,"(35, 97)",5,15.0
49,Greedy,D12,"(93, 54)",20,29.0
49,Greedy,D15,"(68, 45)",16,12.0
49,Greedy,D16,"(26, 4)",17,19.0
49,Greedy,D17,"(69, 56)",8,18.0
49,Greedy,D18,"(1, 41)",6,28.0
49,Greedy,D19,"(20, 63)",6,15.0
49,Greedy,D20,"(35, 97)",6,15.0
49,Auction,D13,"(45, 21)",14,11.0
49,Auction,D14,"(31, 20)",20,15.0
49,Auction,D15,"(68, 45)",16,12.0
49,Auction,D16,"(26, 4)",17,19.0
49,Auction,D17,"(69, 56)",8,18.0
49,Auction,D18,"(1, 41)",6,28.0
49,Auction,D19,"(20, 63)",6,15.0
49,Auction,D20,"(35, 97)",6,15.0
49,Q-Learning,D11,"(12, 88)",32,15.0
49,Q-Learning,D13,"(45, 21)",14,11.0
49,Q-Learning,D14,"(31, 20)",20,15.0
49,Q-Learning,D15,"(68, 45)",16,12.0
49,Q-Learning,D16,"(26, 4)",17,19.0
49,Q-Learning,D18,"(1, 41)",6,28.0
49,Q-Learning,D19,"(20, 63)",6,15.0
49,Q-Learning,D20,"(35, 97)",6,15.0
50,Greedy,D12,"(93, 54)",21,29.0
50,Greedy,D15,"(68, 45)",17,12.0
50,Greedy,D17,"(69, 56)",9,18.0
50,Greedy,D18,"(1, 41)",7,28.0
50,Greedy,D19,"(20, 63)",7,15.0
50,Greedy,D20,"(35, 97)",7,15.0
50,Auction,D13,"(45, 21)",15,11.0
50,Auction,D14,"(31, 20)",21,15.0
50,Auction,D15,"(68, 45)",17,12.0
50,Auction,D16,"(26, 4)",18,19.0
50,Auction,D17,"(69, 56)",9,18.0
50,Auction,D18,"(1, 41)",7,28.0
50,Auction,D19,"(20, 63)",7,15.0
50,Auction,D20,"(35, 97)",7,15.0
50,Q-Learning,D11,"(12, 88)",33,15.0
50,Q-Learning,D13,"(45, 21)",15,11.0
50,Q-Learning,D14,"(31, 20)",21,15.0
50,Q-Learning,D15,"(68, 45)",17,12.0
50,Q-Learning,D16,"(26, 4)",18,19.0
50,Q-Learning,D18,"(1, 41)",7,28.0
50,Q-Learning,D19,"(20, 63)",7,15.0
50,Q-Learning,D20,"(35, 97)",7,15.0
51,Greedy,D12,"(93, 54)",22,29.0
51,Greedy,D17,"(69, 56)",10,18.0
51,Greedy,D18,"(1, 41)",8,28.0
51,Greedy,D19,"(20, 63)",8,15.0
51,Greedy,D20,"(35, 97)",8,15.0
51,Greedy,D21,"(30, 45)",2,21.0
51,Auction,D13,"(45, 21)",16,11.0
51,Auction,D16,"(26, 4)",19,19.0
51,Auction,D17,"(69, 56)",10,18.0
51,Auction,D18,"(1, 41)",8,28.0
51,Auction,D19,"(20, 63)",8,15.0
51,Auction,D20,"(35, 97)",8,15.0
51,Auction,D21,"(30, 45)",2,21.0
51,Q-Learning,D11,"(12, 88)",34,15.0
51,Q-Learning,D13,"(45, 21)",16,11.0
51,Q-Learning,D14,"(31, 20)",22,15.0
51,Q-Learning,D15,"(68, 45)",18,12.0
51,Q-Learning,D16,"(26, 4)",19,19.0
51,Q-Learning,D18,"(1, 41)",8,28.0
51,Q-Learning,D19,"(20, 63)",8,15.0
51,Q-Learning,D20,"(35, 97)",8,15.0
51,Q-Learning,D21,"(30, 45)",2,21.0
52,Greedy,D12,"(93, 54)",23,29.0
52,Greedy,D17,"(69, 56)",11,18.0
52,Greedy,D18,"(1, 41)",9,28.0
52,Greedy,D19,"(20, 63)",9,15.0
52,Greedy,D20,"(35, 97)",9,15.0
52,Greedy,D21,"(30, 45)",3,21.0
52,Auction,D13,"(45, 21)",17,11.0
52,Auction,D16,"(26, 4)",20,19.0
52,Auction,D17,"(69, 56)",11,18.0
52,Auction,D19,"(20, 63)",9,15.0
52,Auction,D20,"(35, 97)",9,15.0
52,Auction,D21,"(30, 45)",3,21.0
52,Q-Learning,D11,"(12, 88)",35,15.0
52,Q-Learning,D13,"(45, 21)",17,11.0
52,Q-Learning,D14,"(31, 20)",23,15.0
52,Q-Learning,D15,"(68, 45)",19,12.0
52,Q-Learning,D16,"(26, 4)",20,19.0
52,Q-Learning,D18,"(1, 41)",9,28.0
52,Q-Learning,D19,"(20, 63)",9,15.0
52,Q-Learning,D20,"(35, 97)",9,15.0
52,Q-Learning,D21,"(30, 45)",3,21.0
53,Greedy,D12,"(93, 54)",24,29.0
53,Greedy,D17,"(69, 56)",12,18.0
53,Greedy,D18,"(1, 41)",10,28.0
53,Greedy,D20,"(35, 97)",10,15.0
53,Greedy,D21,"(30, 45)",4,21.0
53,Greedy,D22,"(64, 45)",4,29.0
53,Auction,D16,"(26, 4)",21,19.0
53,Auction,D17,"(69, 56)",12,18.0
53,Auction,D19,"(20, 63)",10,15.0
53,Auction,D20,"(35, 97)",10,15.0
53,Auction,D21,"(30, 45)",4,21.0
53,Auction,D22,"(64, 45)",4,29.0
53,Q-Learning,D11,"(12, 88)",36,15.0
53,Q-Learning,D13,"(45, 21)",18,11.0
53,Q-Learning,D14,"(31, 20)",24,15.0
53,Q-Learning,D15,"(68, 45)",20,12.0
53,Q-Learning,D16,"(26, 4)",21,19.0
53,Q-Learning,D18,"(1, 41)",10,28.0
53,Q-Learning,D19,"(20, 63)",10,15.0
53,Q-Learning,D20,"(35, 97)",10,15.0
53,Q-Learning,D21,"(30, 45)",4,21.0
53,Q-Learning,D22,"(64, 45)",4,29.0
54,Greedy,D12,"(93, 54)",25,29.0
54,Greedy,D17,"(69, 56)",13,18.0
54,Greedy,D18,"(1, 41)",11,28.0
54,Greedy,D20,"(35, 97)",11,15.0
54,Greedy,D21,"(30, 45)",5,21.0
54,Greedy,D22,"(64, 45)",5,29.0
54,Auction,D16,"(26, 4)",22,19.0
54,Auction,D17,"(69, 56)",13,18.0
54,Auction,D19,"(20, 63)",11,15.0
54,Auction,D20,"(35, 97)",11,15.0
54,Auction,D21,"(30, 45)",5,21.0
54,Auction,D22,"(64, 45)",5,29.0
54,Q-Learning,D11,"(12, 88)",37,15.0
54,Q-Learning,D13,"(45, 21)",19,11.0
54,Q-Learning,D14,"(31, 20)",25,15.0
54,Q-Learning,D15,"(68, 45)",21,12.0
54,Q-Learning,D16,"(26, 4)",22,19.0
54,Q-Learning,D18,"(1, 41)",11,28.0
54,Q-Learning,D19,"(20, 63)",11,15.0
54,Q-Learning,D20,"(35, 97)",11,15.0
54,Q-Learning,D21,"(30, 45)",5,21.0
54,Q-Learning,D22,"(64, 45)",5,29.0
55,Greedy,D12,"(93, 54)",26,29.0
55,Greedy,D17,"(69, 56)",14,18.0
55,Greedy,D18,"(1, 41)",12,28.0
55,Greedy,D20,"(35, 97)",12,15.0
55,Greedy,D21,"(30, 45)",6,21.0
55,Greedy,D22,"(64, 45)",6,29.0
55,Auction,D16,"(26, 4)",23,19.0
55,Auction,D17,"(69, 56)",14,18.0
55,Auction,D19,"(20, 63)",12,15.0
55,Auction,D20,"(35, 97)",12,15.0
55,Auction,D21,"(30, 45)",6,21.0
55,Auction,D22,"(64, 45)",6,29.0
55,Q-Learning,D11,"(12, 88)",38,15.0
55,Q-Learning,D13,"(45, 21)",20,11.0
55,Q-Learning,D14,"(31, 20)",26,15.0
55,Q-Learning,D15,"(68, 45)",22,12.0
55,Q-Learning,D16,"(26, 4)",23,19.0
55,Q-Learning,D18,"(1, 41)",12,28.0
55,Q-Learning,D19,"(20, 63)",12,15.0
55,Q-Learning,D20,"(35, 97)",12,15.0
55,Q-Learning,D21,"(30, 45)",6,21.0
55,Q-Learning,D22,"(64, 45)",6,29.0
56,Greedy,D12,"(93, 54)",27,29.0
56,Greedy,D17,"(69, 56)",15,18.0
56,Greedy,D18,"(1, 41)",13,28.0
56,Greedy,D20,"(35, 97)",13,15.0
56,Greedy,D21,"(30, 45)",7,21.0
56,Greedy,D22,"(64, 45)",7,29.0
56,Auction,D17,"(69, 56)",15,18.0
56,Auction,D19,"(20, 63)",13,15.0
56,Auction,D20,"(35, 97)",13,15.0
56,Auction,D21,"(30, 45)",7,21.0
56,Auction,D22,"(64, 45)",7,29.0
56,Q-Learning,D11,"(12, 88)",39,15.0
56,Q-Learning,D13,"(45, 21)",21,11.0
56,Q-Learning,D14,"(31, 20)",27,15.0
56,Q-Learning,D15,"(68, 45)",23,12.0
56,Q-Learning,D16,"(26, 4)",24,19.0
56,Q-Learning,D18,"(1, 41)",13,28.0
56,Q-Learning,D19,"(20, 63)",13,15.0
56,Q-Learning,D20,"(35, 97)",13,15.0
56,Q-Learning,D21,"(30, 45)",7,21.0
56,Q-Learning,D22,"(64, 45)",7,29.0
57,Greedy,D12,"(93, 54)",28,29.0
57,Greedy,D17,"(69, 56)",16,18.0
57,Greedy,D18,"(1, 41)",14,28.0
57,Greedy,D20,"(35, 97)",14,15.0
57,Greedy,D21,"(30, 45)",8,21.0
57,Greedy,D22,"(64, 45)",8,29.0
57,Auction,D17,"(69, 56)",16,18.0
57,Auction,D19,"(20, 63)",14,15.0
57,Auction,D20,"(35, 97)",14,15.0
57,Auction,D21,"(30, 45)",8,21.0
57,Auction,D22,"(64, 45)",8,29.0
57,Q-Learning,D13,"(45, 21)",22,11.0
57,Q-Learning,D14,"(31, 20)",28,15.0
57,Q-Learning,D15,"(68, 45)",24,12.0
57,Q-Learning,D16,"(26, 4)",25,19.0
57,Q-Learning,D18,"(1, 41)",14,28.0
57,Q-Learning,D19,"(20, 63)",14,15.0
57,Q-Learning,D20,"(35, 97)",14,15.0
57,Q-Learning,D21,"(30, 45)",8,21.0
57,Q-Learning,D22,"(64, 45)",8,29.0
58,Greedy,D12,"(93, 54)",29,29.0
58,Greedy,D17,"(69, 56)",17,18.0
58,Greedy,D18,"(1, 41)",15,28.0
58,Greedy,D20,"(35, 97)",15,15.0
58,Greedy,D21,"(30, 45)",9,21.0
58,Greedy,D22,"(64, 45)",9,29.0
58,Greedy,D23,"(25, 51)",5,11.0
58,Auction,D17,"(69, 56)",17,18.0
58,Auction,D19,"(20, 63)",15,15.0
58,Auction,D20,"(35, 97)",15,15.0
58,Auction,D21,"(30, 45)",9,21.0
58,Auction,D22,"(64, 45)",9,29.0
58,Auction,D23,"(25, 51)",5,11.0
58,Q-Learning,D13,"(45, 21)",23,11.0
58,Q-Learning,D14,"(31, 20)",29,15.0
58,Q-Learning,D15,"(68, 45)",25,12.0
58,Q-Learning,D16,"(26, 4)",26,19.0
58,Q-Learning,D18,"(1, 41)",15,28.0
58,Q-Learning,D19,"(20, 63)",15,15.0
58,Q-Learning,D20,"(35, 97)",15,15.0
58,Q-Learning,D21,"(30, 45)",9,21.0
58,Q-Learning,D22,"(64, 45)",9,29.0
59,Greedy,D12,"(93, 54)",30,29.0
59,Greedy,D17,"(69, 56)",18,18.0
59,Greedy,D18,"(1, 41)",16,28.0
59,Greedy,D20,"(35, 97)",16,15.0
59,Greedy,D21,"(30, 45)",10,21.0
59,Greedy,D22,"(64, 45)",10,29.0
59,Greedy,D23,"(25, 51)",6,11.0
59,Auction,D17,"(69, 56)",18,18.0
59,Auction,D19,"(20, 63)",16,15.0
59,Auction,D20,"(35, 97)",16,15.0
59,Auction,D21,"(30, 45)",10,21.0
59,Auction,D22,"(64, 45)",10,29.0
59,Auction,D23,"(25, 51)",6,11.0
59,Q-Learning,D13,"(45, 21)",24,11.0
59,Q-Learning,D14,"(31, 20)",30,15.0
59,Q-Learning,D15,"(68, 45)",26,12.0
59,Q-Learning,D16,"(26, 4)",27,19.0
59,Q-Learning,D18,"(1, 41)",16,28.0
59,Q-Learning,D19,"(20, 63)",16,15.0
59,Q-Learning,D20,"(35, 97)",16,15.0
59,Q-Learning,D21,"(30, 45)",10,21.0
59,Q-Learning,D22,"(64, 45)",10,29.0
60,Greedy,D12,"(93, 54)",31,29.0
60,Greedy,D17,"(69, 56)",19,18.0
60,Greedy,D18,"(1, 41)",17,28.0
60,Greedy,D20,"(35, 97)",17,15.0
60,Greedy,D21,"(30, 45)",11,21.0
60,Greedy,D22,"(64, 45)",11,29.0
60,Greedy,D23,"(25, 51)",7,11.0
60,Greedy,D24,"(75, 76)",10,30.0
60,Auction,D17,"(69, 56)",19,18.0
60,Auction,D19,"(20, 63)",17,15.0
60,Auction,D20,"(35, 97)",17,15.0
60,Auction,D21,"(30, 45)",11,21.0
60,Auction,D22,"(64, 45)",11,29.0
60,Auction,D23,"(25, 51)",7,11.0
60,Auction,D24,"(75, 76)",10,30.0
60,Q-Learning,D13,"(45, 21)",25,11.0
60,Q-Learning,D14,"(31, 20)",31,15.0
60,Q-Learning,D16,"(26, 4)",28,19.0
60,Q-Learning,D18,"(1, 41)",17,28.0
60,Q-Learning,D20,"(35, 97)",17,15.0
60,Q-Learning,D21,"(30, 45)",11,21.0
60,Q-Learning,D22,"(64, 45)",11,29.0
60,Q-Learning,D24,"(75, 76)",10,30.0
61,Greedy,D12,"(93, 54)",32,29.0
61,Greedy,D17,"(69, 56)",20,18.0
61,Greedy,D18,"(1, 41)",18,28.0
61,Greedy,D20,"(35, 97)",18,15.0
61,Greedy,D21,"(30, 45)",12,21.0
61,Greedy,D22,"(64, 45)",12,29.0
61,Greedy,D23,"(25, 51)",8,11.0
61,Greedy,D24,"(75, 76)",11,30.0
61,Greedy,D25,"(89, 98)",5,30.0
61,Auction,D17,"(69, 56)",20,18.0
61,Auction,D19,"(20, 63)",18,15.0
61,Auction,D20,"(35, 97)",18,15.0
61,Auction,D21,"(30, 45)",12,21.0
61,Auction,D22,"(64, 45)",12,29.0
61,Auction,D23,"(25, 51)",8,11.0
61,Auction,D24,"(75, 76)",11,30.0
61,Auction,D25,"(89, 98)",5,30.0
61,Q-Learning,D13,"(45, 21)",26,11.0
61,Q-Learning,D14,"(31, 20)",32,15.0
61,Q-Learning,D16,"(26, 4)",29,19.0
61,Q-Learning,D18,"(1, 41)",18,28.0
61,Q-Learning,D20,"(35, 97)",18,15.0
61,Q-Learning,D21,"(30, 45)",12,21.0
61,Q-Learning,D22,"(64, 45)",12,29.0
61,Q-Learning,D24,"(75, 76)",11,30.0
61,Q-Learning,D25,"(89, 98)",5,30.0
62,Greedy,D12,"(93, 54)",33,29.0
62,Greedy,D17,"(69, 56)",21,18.0
62,Greedy,D18,"(1, 41)",19,28.0
62,Greedy,D20,"(35, 97)",19,15.0
62,Greedy,D21,"(30, 45)",13,21.0
62,Greedy,D22,"(64, 45)",13,29.0
62,Greedy,D23,"(25, 51)",9,11.0
62,Greedy,D24,"(75, 76)",12,30.0
62,Greedy,D25,"(89, 98)",6,30.0
62,Greedy,D26,"(4, 72)",8,12.0
62,Auction,D17,"(69, 56)",21,18.0
62,Auction,D19,"(20, 63)",19,15.0
62,Auction,D20,"(35, 97)",19,15.0
62,Auction,D21,"(30, 45)",13,21.0
62,Auction,D22,"(64, 45)",13,29.0
62,Auction,D23,"(25, 51)",9,11.0
62,Auction,D24,"(75, 76)",12,30.0
62,Auction,D25,"(89, 98)",6,30.0
62,Auction,D26,"(4, 72)",8,12.0
62,Q-Learning,D14,"(31, 20)",33,15.0
62,Q-Learning,D16,"(26, 4)",30,19.0
62,Q-Learning,D18,"(1, 41)",19,28.0
62,Q-Learning,D20,"(35, 97)",19,15.0
62,Q-Learning,D21,"(30, 45)",13,21.0
62,Q-Learning,D22,"(64, 45)",13,29.0
62,Q-Learning,D24,"(75, 76)",12,30.0
62,Q-Learning,D25,"(89, 98)",6,30.0
62,Q-Learning,D26,"(4, 72)",8,12.0
63,Greedy,D12,"(93, 54)",34,29.0
63,Greedy,D17,"(69, 56)",22,18.0
63,Greedy,D18,"(1, 41)",20,28.0
63,Greedy,D20,"(35, 97)",20,15.0
63,Greedy,D21,"(30, 45)",14,21.0
63,Greedy,D22,"(64, 45)",14,29.0
63,Greedy,D23,"(25, 51)",10,11.0
63,Greedy,D24,"(75, 76)",13,30.0
63,Greedy,D25,"(89, 98)",7,30.0
63,Greedy,D26,"(4, 72)",9,12.0
63,Auction,D17,"(69, 56)",22,18.0
63,Auction,D19,"(20, 63)",20,15.0
63,Auction,D20,"(35, 97)",20,15.0
63,Auction,D21,"(30, 45)",14,21.0
63,Auction,D22,"(64, 45)",14,29.0
63,Auction,D23,"(25, 51)",10,11.0
63,Auction,D24,"(75, 76)",13,30.0
63,Auction,D25,"(89, 98)",7,30.0
63,Auction,D26,"(4, 72)",9,12.0
63,Q-Learning,D14,"(31, 20)",34,15.0
63,Q-Learning,D16,"(26, 4)",31,19.0
63,Q-Learning,D18,"(1, 41)",20,28.0
63,Q-Learning,D20,"(35, 97)",20,15.0
63,Q-Learning,D21,"(30, 45)",14,21.0
63,Q-Learning,D22,"(64, 45)",14,29.0
63,Q-Learning,D24,"(75, 76)",13,30.0
63,Q-Learning,D25,"(89, 98)",7,30.0
63,Q-Learning,D26,"(4, 72)",9,12.0
64,Greedy,D12,"(93, 54)",35,29.0
64,Greedy,D17,"(69, 56)",23,18.0
64,Greedy,D18,"(1, 41)",21,28.0
64,Greedy,D20,"(35, 97)",21,15.0
64,Greedy,D21,"(30, 45)",15,21.0
64,Greedy,D22,"(64, 45)",15,29.0
64,Greedy,D23,"(25, 51)",11,11.0
64,Greedy,D24,"(75, 76)",14,30.0
64,Greedy,D25,"(89, 98)",8,30.0
64,Greedy,D26,"(4, 72)",10,12.0
64,Greedy,D27,"(32, 2)",9,25.0
64,Auction,D17,"(69, 56)",23,18.0
64,Auction,D19,"(20, 63)",21,15.0
64,Auction,D20,"(35, 97)",21,15.0
64,Auction,D21,"(30, 45)",15,21.0
64,Auction,D22,"(64, 45)",15,29.0
64,Auction,D23,"(25, 51)",11,11.0
64,Auction,D24,"(75, 76)",14,30.0
64,Auction,D25,"(89, 98)",8,30.0
64,Auction,D26,"(4, 72)",10,12.0
64,Auction,D27,"(32, 2)",9,25.0
64,Q-Learning,D14,"(31, 20)",35,15.0
64,Q-Learning,D16,"(26, 4)",32,19.0
64,Q-Learning,D18,"(1, 41)",21,28.0
64,Q-Learning,D20,"(35, 97)",21,15.0
64,Q-Learning,D21,"(30, 45)",15,21.0
64,Q-Learning,D22,"(64, 45)",15,29.0
64,Q-Learning,D24,"(75, 76)",14,30.0
64,Q-Learning,D25,"(89, 98)",8,30.0
64,Q-Learning,D26,"(4, 72)",10,12.0
64,Q-Learning,D27,"(32, 2)",9,25.0
65,Greedy,D12,"(93, 54)",36,29.0
65,Greedy,D17,"(69, 56)",24,18.0
65,Greedy,D18,"(1, 41)",22,28.0
65,Greedy,D20,"(35, 97)",22,15.0
65,Greedy,D21,"(30, 45)",16,21.0
65,Greedy,D22,"(64, 45)",16,29.0
65,Greedy,D23,"(25, 51)",12,11.0
65,Greedy,D24,"(75, 76)",15,30.0
65,Greedy,D25,"(89, 98)",9,30.0
65,Greedy,D26,"(4, 72)",11,12.0
65,Greedy,D27,"(32, 2)",10,25.0
65,Auction,D17,"(69, 56)",24,18.0
65,Auction,D19,"(20, 63)",22,15.0
65,Auction,D20,"(35, 97)",22,15.0
65,Auction,D21,"(30, 45)",16,21.0
65,Auction,D22,"(64, 45)",16,29.0
65,Auction,D23,"(25, 51)",12,11.0
65,Auction,D24,"(75, 76)",15,30.0
65,Auction,D25,"(89, 98)",9,30.0
65,Auction,D26,"(4, 72)",11,12.0
65,Auction,D27,"(32, 2)",10,25.0
65,Auction,D28,"(65, 5)",4,12.0
65,Q-Learning,D14,"(31, 20)",36,15.0
65,Q-Learning,D16,"(26, 4)",33,19.0
65,Q-Learning,D18,"(1, 41)",22,28.0
65,Q-Learning,D20,"(35, 97)",22,15.0
65,Q-Learning,D21,"(30, 45)",16,21.0
65,Q-Learning,D22,"(64, 45)",16,29.0
65,Q-Learning,D24,"(75, 76)",15,30.0
65,Q-Learning,D25,"(89, 98)",9,30.0
65,Q-Learning,D26,"(4, 72)",11,12.0
65,Q-Learning,D27,"(32, 2)",10,25.0
65,Q-Learning,D28,"(65, 5)",4,12.0
66,Greedy,D12,"(93, 54)",37,29.0
66,Greedy,D17,"(69, 56)",25,18.0
66,Greedy,D18,"(1, 41)",23,28.0
66,Greedy,D20,"(35, 97)",23,15.0
66,Greedy,D21,"(30, 45)",17,21.0
66,Greedy,D22,"(64, 45)",17,29.0
66,Greedy,D23,"(25, 51)",13,11.0
66,Greedy,D24,"(75, 76)",16,30.0
66,Greedy,D25,"(89, 98)",10,30.0
66,Greedy,D26,"(4, 72)",12,12.0
66,Greedy,D27,"(32, 2)",11,25.0
66,Auction,D17,"(69, 56)",25,18.0
66,Auction,D19,"(20, 63)",23,15.0
66,Auction,D21,"(30, 45)",17,21.0
66,Auction,D22,"(64, 45)",17,29.0
66,Auction,D23,"(25, 51)",13,11.0
66,Auction,D24,"(75, 76)",16,30.0
66,Auction,D25,"(89, 98)",10,30.0
66,Auction,D26,"(4, 72)",12,12.0
66,Auction,D27,"(32, 2)",11,25.0
66,Auction,D28,"(65, 5)",5,12.0
66,Q-Learning,D14,"(31, 20)",37,15.0
66,Q-Learning,D16,"(26, 4)",34,19.0
66,Q-Learning,D18,"(1, 41)",23,28.0
66,Q-Learning,D20,"(35, 97)",23,15.0
66,Q-Learning,D21,"(30, 45)",17,21.0
66,Q-Learning,D22,"(64, 45)",17,29.0
66,Q-Learning,D24,"(75, 76)",16,30.0
66,Q-Learning,D25,"(89, 98)",10,30.0
66,Q-Learning,D26,"(4, 72)",12,12.0
66,Q-Learning,D27,"(32, 2)",11,25.0
66,Q-Learning,D28,"(65, 5)",5,12.0
67,Greedy,D12,"(93, 54)",38,29.0
67,Greedy,D17,"(69, 56)",26,18.0
67,Greedy,D18,"(1, 41)",24,28.0
67,Greedy,D20,"(35, 97)",24,15.0
67,Greedy,D21,"(30, 45)",18,21.0
67,Greedy,D22,"(64, 45)",18,29.0
67,Greedy,D23,"(25, 51)",14,11.0
67,Greedy,D24,"(75, 76)",17,30.0
67,Greedy,D25,"(89, 98)",11,30.0
67,Greedy,D26,"(4, 72)",13,12.0
67,Greedy,D27,"(32, 2)",12,25.0
67,Auction,D17,"(69, 56)",26,18.0
67,Auction,D19,"(20, 63)",24,15.0
67,Auction,D21,"(30, 45)",18,21.0
67,Auction,D22,"(64, 45)",18,29.0
67,Auction,D23,"(25, 51)",14,11.0
67,Auction,D24,"(75, 76)",17,30.0
67,Auction,D25,"(89, 98)",11,30.0
67,Auction,D26,"(4, 72)",13,12.0
67,Auction,D27,"(32, 2)",12,25.0
67,Auction,D28,"(65, 5)",6,12.0
67,Q-Learning,D14,"(31, 20)",38,15.0
67,Q-Learning,D16,"(26, 4)",35,19.0
67,Q-Learning,D18,"(1, 41)",24,28.0
67,Q-Learning,D20,"(35, 97)",24,15.0
67,Q-Learning,D21,"(30, 45)",18,21.0
67,Q-Learning,D22,"(64, 45)",18,29.0
67,Q-Learning,D24,"(75, 76)",17,30.0
67,Q-Learning,D25,"(89, 98)",11,30.0
67,Q-Learning,D26,"(4, 72)",13,12.0
67,Q-Learning,D27,"(32, 2)",12,25.0
68,Greedy,D12,"(93, 54)",39,29.0
68,Greedy,D17,"(69, 56)",27,18.0
68,Greedy,D18,"(1, 41)",25,28.0
68,Greedy,D20,"(35, 97)",25,15.0
68,Greedy,D21,"(30, 45)",19,21.0
68,Greedy,D22,"(64, 45)",19,29.0
68,Greedy,D23,"(25, 51)",15,11.0
68,Greedy,D24,"(75, 76)",18,30.0
68,Greedy,D25,"(89, 98)",12,30.0
68,Greedy,D26,"(4, 72)",14,12.0
68,Greedy,D27,"(32, 2)",13,25.0
68,Greedy,D29,"(41, 10)",2,24.0
68,Auction,D17,"(69, 56)",27,18.0
68,Auction,D19,"(20, 63)",25,15.0
68,Auction,D21,"(30, 45)",19,21.0
68,Auction,D22,"(64, 45)",19,29.0
68,Auction,D23,"(25, 51)",15,11.0
68,Auction,D24,"(75, 76)",18,30.0
68,Auction,D25,"(89, 98)",12,30.0
68,Auction,D26,"(4, 72)",14,12.0
68,Auction,D27,"(32, 2)",13,25.0
68,Auction,D28,"(65, 5)",7,12.0
68,Auction,D29,"(41, 10)",2,24.0
68,Q-Learning,D14,"(31, 20)",39,15.0
68,Q-Learning,D16,"(26, 4)",36,19.0
68,Q-Learning,D18,"(1, 41)",25,28.0
68,Q-Learning,D20,"(35, 97)",25,15.0
68,Q-Learning,D21,"(30, 45)",19,21.0
68,Q-Learning,D22,"(64, 45)",19,29.0
68,Q-Learning,D24,"(75, 76)",18,30.0
68,Q-Learning,D25,"(89, 98)",12,30.0
68,Q-Learning,D26,"(4, 72)",14,12.0
68,Q-Learning,D27,"(32, 2)",13,25.0
68,Q-Learning,D29,"(41, 10)",2,24.0
69,Greedy,D12,"(93, 54)",40,29.0
69,Greedy,D17,"(69, 56)",28,18.0
69,Greedy,D18,"(1, 41)",26,28.0
69,Greedy,D20,"(35, 97)",26,15.0
69,Greedy,D21,"(30, 45)",20,21.0
69,Greedy,D22,"(64, 45)",20,29.0
69,Greedy,D23,"(25, 51)",16,11.0
69,Greedy,D24,"(75, 76)",19,30.0
69,Greedy,D25,"(89, 98)",13,30.0
69,Greedy,D26,"(4, 72)",15,12.0
69,Greedy,D27,"(32, 2)",14,25.0
69,Greedy,D29,"(41, 10)",3,24.0
69,Greedy,D30,"(22, 64)",6,20.0
69,Auction,D17,"(69, 56)",28,18.0
69,Auction,D19,"(20, 63)",26,15.0
69,Auction,D21,"(30, 45)",20,21.0
69,Auction,D22,"(64, 45)",20,29.0
69,Auction,D23,"(25, 51)",16,11.0
69,Auction,D24,"(75, 76)",19,30.0
69,Auction,D25,"(89, 98)",13,30.0
69,Auction,D26,"(4, 72)",15,12.0
69,Auction,D27,"(32, 2)",14,25.0
69,Auction,D28,"(65, 5)",8,12.0
69,Auction,D29,"(41, 10)",3,24.0
69,Auction,D30,"(22, 64)",6,20.0
69,Q-Learning,D14,"(31, 20)",40,15.0
69,Q-Learning,D16,"(26, 4)",37,19.0
69,Q-Learning,D18,"(1, 41)",26,28.0
69,Q-Learning,D20,"(35, 97)",26,15.0
69,Q-Learning,D21,"(30, 45)",20,21.0
69,Q-Learning,D22,"(64, 45)",20,29.0
69,Q-Learning,D24,"(75, 76)",19,30.0
69,Q-Learning,D25,"(89, 98)",13,30.0
69,Q-Learning,D26,"(4, 72)",15,12.0
69,Q-Learning,D27,"(32, 2)",14,25.0
69,Q-Learning,D29,"(41, 10)",3,24.0
69,Q-Learning,D30,"(22, 64)",6,20.0
70,Greedy,D12,"(93, 54)",41,29.0
70,Greedy,D17,"(69, 56)",29,18.0
70,Greedy,D18,"(1, 41)",27,28.0
70,Greedy,D20,"(35, 97)",27,15.0
70,Greedy,D21,"(30, 45)",21,21.0
70,Greedy,D22,"(64, 45)",21,29.0
70,Greedy,D23,"(25, 51)",17,11.0
70,Greedy,D24,"(75, 76)",20,30.0
70,Greedy,D25,"(89, 98)",14,30.0
70,Greedy,D26,"(4, 72)",16,12.0
70,Greedy,D27,"(32, 2)",15,25.0
70,Greedy,D29,"(41, 10)",4,24.0
70,Greedy,D30,"(22, 64)",7,20.0
70,Greedy,D31,"(67, 7)",6,16.0
70,Auction,D17,"(69, 56)",29,18.0
70,Auction,D19,"(20, 63)",27,15.0
70,Auction,D21,"(30, 45)",21,21.0
70,Auction,D22,"(64, 45)",21,29.0
70,Auction,D23,"(25, 51)",17,11.0
70,Auction,D24,"(75, 76)",20,30.0
70,Auction,D25,"(89, 98)",14,30.0
70,Auction,D26,"(4, 72)",16,12.0
70,Auction,D27,"(32, 2)",15,25.0
70,Auction,D28,"(65, 5)",9,12.0
70,Auction,D29,"(41, 10)",4,24.0
70,Auction,D30,"(22, 64)",7,20.0
70,Auction,D31,"(67, 7)",6,16.0
70,Q-Learning,D14,"(31, 20)",41,15.0
70,Q-Learning,D16,"(26, 4)",38,19.0
70,Q-Learning,D18,"(1, 41)",27,28.0
70,Q-Learning,D20,"(35, 97)",27,15.0
70,Q-Learning,D21,"(30, 45)",21,21.0
70,Q-Learning,D22,"(64, 45)",21,29.0
70,Q-Learning,D24,"(75, 76)",20,30.0
70,Q-Learning,D25,"(89, 98)",14,30.0
70,Q-Learning,D26,"(4, 72)",16,12.0
70,Q-Learning,D27,"(32, 2)",15,25.0
70,Q-Learning,D29,"(41, 10)",4,24.0
70,Q-Learning,D30,"(22, 64)",7,20.0
70,Q-Learning,D31,"(67, 7)",6,16.0
71,Greedy,D12,"(93, 54)",42,29.0
71,Greedy,D17,"(69, 56)",30,18.0
71,Greedy,D18,"(1, 41)",28,28.0
71,Greedy,D20,"(35, 97)",28,15.0
71,Greedy,D21,"(30, 45)",22,21.0
71,Greedy,D22,"(64, 45)",22,29.0
71,Greedy,D23,"(25, 51)",18,11.0
71,Greedy,D24,"(75, 76)",21,30.0
71,Greedy,D25,"(89, 98)",15,30.0
71,Greedy,D26,"(4, 72)",17,12.0
71,Greedy,D27,"(32, 2)",16,25.0
71,Greedy,D29,"(41, 10)",5,24.0
71,Greedy,D30,"(22, 64)",8,20.0
71,Greedy,D31,"(67, 7)",7,16.0
71,Auction,D17,"(69, 56)",30,18.0
71,Auction,D19,"(20, 63)",28,15.0
71,Auction,D21,"(30, 45)",22,21.0
71,Auction,D22,"(64, 45)",22,29.0
71,Auction,D23,"(25, 51)",18,11.0
71,Auction,D24,"(75, 76)",21,30.0
71,Auction,D25,"(89, 98)",15,30.0
71,Auction,D26,"(4, 72)",17,12.0
71,Auction,D27,"(32, 2)",16,25.0
71,Auction,D28,"(65, 5)",10,12.0
71,Auction,D29,"(41, 10)",5,24.0
71,Auction,D30,"(22, 64)",8,20.0
71,Auction,D31,"(67, 7)",7,16.0
71,Q-Learning,D14,"(31, 20)",42,15.0
71,Q-Learning,D16,"(26, 4)",39,19.0
71,Q-Learning,D18,"(1, 41)",28,28.0
71,Q-Learning,D20,"(35, 97)",28,15.0
71,Q-Learning,D21,"(30, 45)",22,21.0
71,Q-Learning,D22,"(64, 45)",22,29.0
71,Q-Learning,D24,"(75, 76)",21,30.0
71,Q-Learning,D25,"(89, 98)",15,30.0
71,Q-Learning,D26,"(4, 72)",17,12.0
71,Q-Learning,D27,"(32, 2)",16,25.0
71,Q-Learning,D29,"(41, 10)",5,24.0
71,Q-Learning,D30,"(22, 64)",8,20.0
71,Q-Learning,D31,"(67, 7)",7,16.0
72,Greedy,D12,"(93, 54)",43,29.0
72,Greedy,D17,"(69, 56)",31,18.0
72,Greedy,D18,"(1, 41)",29,28.0
72,Greedy,D20,"(35, 97)",29,15.0
72,Greedy,D21,"(30, 45)",23,21.0
72,Greedy,D22,"(64, 45)",23,29.0
72,Greedy,D23,"(25, 51)",19,11.0
72,Greedy,D24,"(75, 76)",22,30.0
72,Greedy,D25,"(89, 98)",16,30.0
72,Greedy,D26,"(4, 72)",18,12.0
72,Greedy,D27,"(32, 2)",17,25.0
72,Greedy,D29,"(41, 10)",6,24.0
72,Greedy,D30,"(22, 64)",9,20.0
72,Greedy,D31,"(67, 7)",8,16.0
72,Auction,D17,"(69, 56)",31,18.0
72,Auction,D19,"(20, 63)",29,15.0
72,Auction,D21,"(30, 45)",23,21.0
72,Auction,D22,"(64, 45)",23,29.0
72,Auction,D23,"(25, 51)",19,11.0
72,Auction,D24,"(75, 76)",22,30.0
72,Auction,D25,"(89, 98)",16,30.0
72,Auction,D26,"(4, 72)",18,12.0
72,Auction,D27,"(32, 2)",17,25.0
72,Auction,D28,"(65, 5)",11,12.0
72,Auction,D29,"(41, 10)",6,24.0
72,Auction,D30,"(22, 64)",9,20.0
72,Auction,D31,"(67, 7)",8,16.0
72,Q-Learning,D14,"(31, 20)",43,15.0
72,Q-Learning,D16,"(26, 4)",40,19.0
72,Q-Learning,D18,"(1, 41)",29,28.0
72,Q-Learning,D20,"(35, 97)",29,15.0
72,Q-Learning,D21,"(30, 45)",23,21.0
72,Q-Learning,D22,"(64, 45)",23,29.0
72,Q-Learning,D24,"(75, 76)",22,30.0
72,Q-Learning,D25,"(89, 98)",16,30.0
72,Q-Learning,D26,"(4, 72)",18,12.0
72,Q-Learning,D27,"(32, 2)",17,25.0
72,Q-Learning,D29,"(41, 10)",6,24.0
72,Q-Learning,D30,"(22, 64)",9,20.0
72,Q-Learning,D31,"(67, 7)",8,16.0
73,Greedy,D12,"(93, 54)",44,29.0
73,Greedy,D17,"(69, 56)",32,18.0
73,Greedy,D18,"(1, 41)",30,28.0
73,Greedy,D20,"(35, 97)",30,15.0
73,Greedy,D21,"(30, 45)",24,21.0
73,Greedy,D22,"(64, 45)",24,29.0
73,Greedy,D23,"(25, 51)",20,11.0
73,Greedy,D24,"(75, 76)",23,30.0
73,Greedy,D25,"(89, 98)",17,30.0
73,Greedy,D26,"(4, 72)",19,12.0
73,Greedy,D27,"(32, 2)",18,25.0
73,Greedy,D29,"(41, 10)",7,24.0
73,Greedy,D30,"(22, 64)",10,20.0
73,Greedy,D31,"(67, 7)",9,16.0
73,Greedy,D32,"(40, 34)",9,30.0
73,Auction,D17,"(69, 56)",32,18.0
73,Auction,D19,"(20, 63)",30,15.0
73,Auction,D21,"(30, 45)",24,21.0
73,Auction,D22,"(64, 45)",24,29.0
73,Auction,D23,"(25, 51)",20,11.0
73,Auction,D24,"(75, 76)",23,30.0
73,Auction,D25,"(89, 98)",17,30.0
73,Auction,D26,"(4, 72)",19,12.0
73,Auction,D27,"(32, 2)",18,25.0
73,Auction,D28,"(65, 5)",12,12.0
73,Auction,D29,"(41, 10)",7,24.0
73,Auction,D30,"(22, 64)",10,20.0
73,Auction,D31,"(67, 7)",9,16.0
73,Auction,D32,"(40, 34)",9,30.0
73,Q-Learning,D14,"(31, 20)",44,15.0
73,Q-Learning,D16,"(26, 4)",41,19.0
73,Q-Learning,D18,"(1, 41)",30,28.0
73,Q-Learning,D20,"(35, 97)",30,15.0
73,Q-Learning,D21,"(30, 45)",24,21.0
73,Q-Learning,D22,"(64, 45)",24,29.0
73,Q-Learning,D24,"(75, 76)",23,30.0
73,Q-Learning,D25,"(89, 98)",17,30.0
73,Q-Learning,D26,"(4, 72)",19,12.0
73,Q-Learning,D27,"(32, 2)",18,25.0
73,Q-Learning,D29,"(41, 10)",7,24.0
73,Q-Learning,D30,"(22, 64)",10,20.0
73,Q-Learning,D31,"(67, 7)",9,16.0
73,Q-Learning,D32,"(40, 34)",9,30.0
74,Greedy,D12,"(93, 54)",45,29.0
74,Greedy,D17,"(69, 56)",33,18.0
74,Greedy,D18,"(1, 41)",31,28.0
74,Greedy,D20,"(35, 97)",31,15.0
74,Greedy,D21,"(30, 45)",25,21.0
74,Greedy,D22,"(64, 45)",25,29.0
74,Greedy,D23,"(25, 51)",21,11.0
74,Greedy,D24,"(75, 76)",24,30.0
74,Greedy,D25,"(89, 98)",18,30.0
74,Greedy,D26,"(4, 72)",20,12.0
74,Greedy,D27,"(32, 2)",19,25.0
74,Greedy,D29,"(41, 10)",8,24.0
74,Greedy,D30,"(22, 64)",11,20.0
74,Greedy,D31,"(67, 7)",10,16.0
74,Greedy,D32,"(40, 34)",10,30.0
74,Auction,D17,"(69, 56)",33,18.0
74,Auction,D19,"(20, 63)",31,15.0
74,Auction,D21,"(30, 45)",25,21.0
74,Auction,D22,"(64, 45)",25,29.0
74,Auction,D23,"(25, 51)",21,11.0
74,Auction,D24,"(75, 76)",24,30.0
74,Auction,D25,"(89, 98)",18,30.0
74,Auction,D26,"(4, 72)",20,12.0
74,Auction,D27,"(32, 2)",19,25.0
74,Auction,D28,"(65, 5)",13,12.0
74,Auction,D29,"(41, 10)",8,24.0
74,Auction,D30,"(22, 64)",11,20.0
74,Auction,D31,"(67, 7)",10,16.0
74,Auction,D32,"(40, 34)",10,30.0
74,Q-Learning,D14,"(31, 20)",45,15.0
74,Q-Learning,D16,"(26, 4)",42,19.0
74,Q-Learning,D18,"(1, 41)",31,28.0
74,Q-Learning,D20,"(35, 97)",31,15.0
74,Q-Learning,D21,"(30, 45)",25,21.0
74,Q-Learning,D22,"(64, 45)",25,29.0
74,Q-Learning,D24,"(75, 76)",24,30.0
74,Q-Learning,D25,"(89, 98)",18,30.0
74,Q-Learning,D26,"(4, 72)",20,12.0
74,Q-Learning,D27,"(32, 2)",19,25.0
74,Q-Learning,D29,"(41, 10)",8,24.0
74,Q-Learning,D30,"(22, 64)",11,20.0
74,Q-Learning,D31,"(67, 7)",10,16.0
74,Q-Learning,D32,"(40, 34)",10,30.0
75,Greedy,D12,"(93, 54)",46,29.0
75,Greedy,D17,"(69, 56)",34,18.0
75,Greedy,D18,"(1, 41)",32,28.0
75,Greedy,D20,"(35, 97)",32,15.0
75,Greedy,D21,"(30, 45)",26,21.0
75,Greedy,D22,"(64, 45)",26,29.0
75,Greedy,D23,"(25, 51)",22,11.0
75,Greedy,D24,"(75, 76)",25,30.0
75,Greedy,D25,"(89, 98)",19,30.0
75,Greedy,D26,"(4, 72)",21,12.0
75,Greedy,D27,"(32, 2)",20,25.0
75,Greedy,D29,"(41, 10)",9,24.0
75,Greedy,D30,"(22, 64)",12,20.0
75,Greedy,D31,"(67, 7)",11,16.0
75,Greedy,D32,"(40, 34)",11,30.0
75,Greedy,D33,"(28, 29)",3,20.0
75,Auction,D17,"(69, 56)",34,18.0
75,Auction,D19,"(20, 63)",32,15.0
75,Auction,D21,"(30, 45)",26,21.0
75,Auction,D22,"(64, 45)",26,29.0
75,Auction,D23,"(25, 51)",22,11.0
75,Auction,D24,"(75, 76)",25,30.0
75,Auction,D25,"(89, 98)",19,30.0
75,Auction,D26,"(4, 72)",21,12.0
75,Auction,D27,"(32, 2)",20,25.0
75,Auction,D28,"(65, 5)",14,12.0
75,Auction,D29,"(41, 10)",9,24.0
75,Auction,D30,"(22, 64)",12,20.0
75,Auction,D31,"(67, 7)",11,16.0
75,Auction,D32,"(40, 34)",11,30.0
75,Auction,D33,"(28, 29)",3,20.0
75,Q-Learning,D14,"(31, 20)",46,15.0
75,Q-Learning,D16,"(26, 4)",43,19.0
75,Q-Learning,D18,"(1, 41)",32,28.0
75,Q-Learning,D20,"(35, 97)",32,15.0
75,Q-Learning,D21,"(30, 45)",26,21.0
75,Q-Learning,D22,"(64, 45)",26,29.0
75,Q-Learning,D24,"(75, 76)",25,30.0
75,Q-Learning,D25,"(89, 98)",19,30.0
75,Q-Learning,D26,"(4, 72)",21,12.0
75,Q-Learning,D27,"(32, 2)",20,25.0
75,Q-Learning,D29,"(41, 10)",9,24.0
75,Q-Learning,D30,"(22, 64)",12,20.0
75,Q-Learning,D31,"(67, 7)",11,16.0
75,Q-Learning,D32,"(40, 34)",11,30.0
75,Q-Learning,D33,"(28, 29)",3,20.0
76,Greedy,D12,"(93, 54)",47,29.0
76,Greedy,D17,"(69, 56)",35,18.0
76,Greedy,D18,"(1, 41)",33,28.0
76,Greedy,D20,"(35, 97)",33,15.0
76,Greedy,D21,"(30, 45)",27,21.0
76,Greedy,D22,"(64, 45)",27,29.0
76,Greedy,D23,"(25, 51)",23,11.0
76,Greedy,D24,"(75, 76)",26,30.0
76,Greedy,D25,"(89, 98)",20,30.0
76,Greedy,D26,"(4, 72)",22,12.0
76,Greedy,D27,"(32, 2)",21,25.0
76,Greedy,D29,"(41, 10)",10,24.0
76,Greedy,D30,"(22, 64)",13,20.0
76,Greedy,D31,"(67, 7)",12,16.0
76,Greedy,D32,"(40, 34)",12,30.0
76,Greedy,D33,"(28, 29)",4,20.0
76,Greedy,D34,"(56, 87)",2,19.0
76,Auction,D17,"(69, 56)",35,18.0
76,Auction,D19,"(20, 63)",33,15.0
76,Auction,D21,"(30, 45)",27,21.0
76,Auction,D22,"(64, 45)",27,29.0
76,Auction,D23,"(25, 51)",23,11.0
76,Auction,D24,"(75, 76)",26,30.0
76,Auction,D25,"(89, 98)",20,30.0
76,Auction,D26,"(4, 72)",22,12.0
76,Auction,D27,"(32, 2)",21,25.0
76,Auction,D28,"(65, 5)",15,12.0
76,Auction,D29,"(41, 10)",10,24.0
76,Auction,D30,"(22, 64)",13,20.0
76,Auction,D31,"(67, 7)",12,16.0
76,Auction,D32,"(40, 34)",12,30.0
76,Auction,D33,"(28, 29)",4,20.0
76,Auction,D34,"(56, 87)",2,19.0
76,Q-Learning,D14,"(31, 20)",47,15.0
76,Q-Learning,D16,"(26, 4)",44,19.0
76,Q-Learning,D18,"(1, 41)",33,28.0
76,Q-Learning,D20,"(35, 97)",33,15.0
76,Q-Learning,D21,"(30, 45)",27,21.0
76,Q-Learning,D22,"(64, 45)",27,29.0
76,Q-Learning,D24,"(75, 76)",26,30.0
76,Q-Learning,D25,"(89, 98)",20,30.0
76,Q-Learning,D26,"(4, 72)",22,12.0
76,Q-Learning,D27,"(32, 2)",21,25.0
76,Q-Learning,D29,"(41, 10)",10,24.0
76,Q-Learning,D30,"(22, 64)",13,20.0
76,Q-Learning,D31,"(67, 7)",12,16.0
76,Q-Learning,D32,"(40, 34)",12,30.0
76,Q-Learning,D33,"(28, 29)",4,20.0
76,Q-Learning,D34,"(56, 87)",2,19.0
77,Greedy,D12,"(93, 54)",48,29.0
77,Greedy,D17,"(69, 56)",36,18.0
77,Greedy,D18,"(1, 41)",34,28.0
77,Greedy,D20,"(35, 97)",34,15.0
77,Greedy,D21,"(30, 45)",28,21.0
77,Greedy,D22,"(64, 45)",28,29.0
77,Greedy,D23,"(25, 51)",24,11.0
77,Greedy,D24,"(75, 76)",27,30.0
77,Greedy,D25,"(89, 98)",21,30.0
77,Greedy,D26,"(4, 72)",23,12.0
77,Greedy,D27,"(32, 2)",22,25.0
77,Greedy,D29,"(41, 10)",11,24.0
77,Greedy,D30,"(22, 64)",14,20.0
77,Greedy,D31,"(67, 7)",13,16.0
77,Greedy,D32,"(40, 34)",13,30.0
77,Greedy,D33,"(28, 29)",5,20.0
77,Greedy,D34,"(56, 87)",3,19.0
77,Greedy,D35,"(20, 58)",8,29.0
77,Auction,D17,"(69, 56)",36,18.0
77,Auction,D19,"(20, 63)",34,15.0
77,Auction,D21,"(30, 45)",28,21.0
77,Auction,D22,"(64, 45)",28,29.0
77,Auction,D23,"(25, 51)",24,11.0
77,Auction,D24,"(75, 76)",27,30.0
77,Auction,D25,"(89, 98)",21,30.0
77,Auction,D26,"(4, 72)",23,12.0
77,Auction,D27,"(32, 2)",22,25.0
77,Auction,D28,"(65, 5)",16,12.0
77,Auction,D29,"(41, 10)",11,24.0
77,Auction,D30,"(22, 64)",14,20.0
77,Auction,D31,"(67, 7)",13,16.0
77,Auction,D32,"(40, 34)",13,30.0
77,Auction,D33,"(28, 29)",5,20.0
77,Auction,D34,"(56, 87)",3,19.0
77,Auction,D35,"(20, 58)",8,29.0
77,Q-Learning,D14,"(31, 20)",48,15.0
77,Q-Learning,D16,"(26, 4)",45,19.0
77,Q-Learning,D18,"(1, 41)",34,28.0
77,Q-Learning,D20,"(35, 97)",34,15.0
77,Q-Learning,D21,"(30, 45)",28,21.0
77,Q-Learning,D22,"(64, 45)",28,29.0
77,Q-Learning,D24,"(75, 76)",27,30.0
77,Q-Learning,D25,"(89, 98)",21,30.0
77,Q-Learning,D26,"(4, 72)",23,12.0
77,Q-Learning,D27,"(32, 2)",22,25.0
77,Q-Learning,D29,"(41, 10)",11,24.0
77,Q-Learning,D30,"(22, 64)",14,20.0
77,Q-Learning,D31,"(67, 7)",13,16.0
77,Q-Learning,D32,"(40, 34)",13,30.0
77,Q-Learning,D33,"(28, 29)",5,20.0
77,Q-Learning,D34,"(56, 87)",3,19.0
77,Q-Learning,D35,"(20, 58)",8,29.0
78,Greedy,D12,"(93, 54)",49,29.0
78,Greedy,D17,"(69, 56)",37,18.0
78,Greedy,D18,"(1, 41)",35,28.0
78,Greedy,D20,"(35, 97)",35,15.0
78,Greedy,D21,"(30, 45)",29,21.0
78,Greedy,D22,"(64, 45)",29,29.0
78,Greedy,D23,"(25, 51)",25,11.0
78,Greedy,D24,"(75, 76)",28,30.0
78,Greedy,D25,"(89, 98)",22,30.0
78,Greedy,D26,"(4, 72)",24,12.0
78,Greedy,D27,"(32, 2)",23,25.0
78,Greedy,D29,"(41, 10)",12,24.0
78,Greedy,D30,"(22, 64)",15,20.0
78,Greedy,D31,"(67, 7)",14,16.0
78,Greedy,D32,"(40, 34)",14,30.0
78,Greedy,D33,"(28, 29)",6,20.0
78,Greedy,D34,"(56, 87)",4,19.0
78,Greedy,D35,"(20, 58)",9,29.0
78,Auction,D17,"(69, 56)",37,18.0
78,Auction,D19,"(20, 63)",35,15.0
78,Auction,D21,"(30, 45)",29,21.0
78,Auction,D22,"(64, 45)",29,29.0
78,Auction,D23,"(25, 51)",25,11.0
78,Auction,D24,"(75, 76)",28,30.0
78,Auction,D25,"(89, 98)",22,30.0
78,Auction,D26,"(4, 72)",24,12.0
78,Auction,D27,"(32, 2)",23,25.0
78,Auction,D28,"(65, 5)",17,12.0
78,Auction,D29,"(41, 10)",12,24.0
78,Auction,D30,"(22, 64)",15,20.0
78,Auction,D31,"(67, 7)",14,16.0
78,Auction,D32,"(40, 34)",14,30.0
78,Auction,D33,"(28, 29)",6,20.0
78,Auction,D34,"(56, 87)",4,19.0
78,Auction,D35,"(20, 58)",9,29.0
78,Q-Learning,D14,"(31, 20)",49,15.0
78,Q-Learning,D16,"(26, 4)",46,19.0
78,Q-Learning,D18,"(1, 41)",35,28.0
78,Q-Learning,D20,"(35, 97)",35,15.0
78,Q-Learning,D21,"(30, 45)",29,21.0
78,Q-Learning,D22,"(64, 45)",29,29.0
78,Q-Learning,D24,"(75, 76)",28,30.0
78,Q-Learning,D25,"(89, 98)",22,30.0
78,Q-Learning,D26,"(4, 72)",24,12.0
78,Q-Learning,D27,"(32, 2)",23,25.0
78,Q-Learning,D29,"(41, 10)",12,24.0
78,Q-Learning,D30,"(22, 64)",15,20.0
78,Q-Learning,D31,"(67, 7)",14,16.0
78,Q-Learning,D32,"(40, 34)",14,30.0
78,Q-Learning,D33,"(28, 29)",6,20.0
78,Q-Learning,D34,"(56, 87)",4,19.0
78,Q-Learning,D35,"(20, 58)",9,29.0
79,Greedy,D12,"(93, 54)",50,29.0
79,Greedy,D17,"(69, 56)",38,18.0
79,Greedy,D18,"(1, 41)",36,28.0
79,Greedy,D20,"(35, 97)",36,15.0
79,Greedy,D21,"(30, 45)",30,21.0
79,Greedy,D22,"(64, 45)",30,29.0
79,Greedy,D23,"(25, 51)",26,11.0
79,Greedy,D24,"(75, 76)",29,30.0
79,Greedy,D25,"(89, 98)",23,30.0
79,Greedy,D26,"(4, 72)",25,12.0
79,Greedy,D27,"(32, 2)",24,25.0
79,Greedy,D29,"(41, 10)",13,24.0
79,Greedy,D30,"(22, 64)",16,20.0
79,Greedy,D31,"(67, 7)",15,16.0
79,Greedy,D32,"(40, 34)",15,30.0
79,Greedy,D33,"(28, 29)",7,20.0
79,Greedy,D34,"(56, 87)",5,19.0
79,Greedy,D35,"(20, 58)",10,29.0
79,Auction,D17,"(69, 56)",38,18.0
79,Auction,D19,"(20, 63)",36,15.0
79,Auction,D21,"(30, 45)",30,21.0
79,Auction,D22,"(64, 45)",30,29.0
79,Auction,D23,"(25, 51)",26,11.0
79,Auction,D24,"(75, 76)",29,30.0
79,Auction,D25,"(89, 98)",23,30.0
79,Auction,D26,"(4, 72)",25,12.0
79,Auction,D27,"(32, 2)",24,25.0
79,Auction,D28,"(65, 5)",18,12.0
79,Auction,D29,"(41, 10)",13,24.0
79,Auction,D30,"(22, 64)",16,20.0
79,Auction,D31,"(67, 7)",15,16.0
79,Auction,D32,"(40, 34)",15,30.0
79,Auction,D33,"(28, 29)",7,20.0
79,Auction,D34,"(56, 87)",5,19.0
79,Auction,D35,"(20, 58)",10,29.0
79,Q-Learning,D14,"(31, 20)",50,15.0
79,Q-Learning,D16,"(26, 4)",47,19.0
79,Q-Learning,D18,"(1, 41)",36,28.0
79,Q-Learning,D20,"(35, 97)",36,15.0
79,Q-Learning,D21,"(30, 45)",30,21.0
79,Q-Learning,D22,"(64, 45)",30,29.0
79,Q-Learning,D24,"(75, 76)",29,30.0
79,Q-Learning,D25,"(89, 98)",23,30.0
79,Q-Learning,D26,"(4, 72)",25,12.0
79,Q-Learning,D27,"(32, 2)",24,25.0
79,Q-Learning,D29,"(41, 10)",13,24.0
79,Q-Learning,D30,"(22, 64)",16,20.0
79,Q-Learning,D31,"(67, 7)",15,16.0
79,Q-Learning,D32,"(40, 34)",15,30.0
79,Q-Learning,D33,"(28, 29)",7,20.0
79,Q-Learning,D34,"(56, 87)",5,19.0
79,Q-Learning,D35,"(20, 58)",10,29.0
80,Greedy,D12,"(93, 54)",51,29.0
80,Greedy,D17,"(69, 56)",39,18.0
80,Greedy,D18,"(1, 41)",37,28.0
80,Greedy,D20,"(35, 97)",37,15.0
80,Greedy,D21,"(30, 45)",31,21.0
80,Greedy,D22,"(64, 45)",31,29.0
80,Greedy,D23,"(25, 51)",27,11.0
80,Greedy,D24,"(75, 76)",30,30.0
80,Greedy,D25,"(89, 98)",24,30.0
80,Greedy,D26,"(4, 72)",26,12.0
80,Greedy,D27,"(32, 2)",25,25.0
80,Greedy,D29,"(41, 10)",14,24.0
80,Greedy,D30,"(22, 64)",17,20.0
80,Greedy,D31,"(67, 7)",16,16.0
80,Greedy,D32,"(40, 34)",16,30.0
80,Greedy,D33,"(28, 29)",8,20.0
80,Greedy,D34,"(56, 87)",6,19.0
80,Greedy,D35,"(20, 58)",11,29.0
80,Auction,D17,"(69, 56)",39,18.0
80,Auction,D19,"(20, 63)",37,15.0
80,Auction,D21,"(30, 45)",31,21.0
80,Auction,D22,"(64, 45)",31,29.0
80,Auction,D23,"(25, 51)",27,11.0
80,Auction,D24,"(75, 76)",30,30.0
80,Auction,D25,"(89, 98)",24,30.0
80,Auction,D26,"(4, 72)",26,12.0
80,Auction,D27,"(32, 2)",25,25.0
80,Auction,D28,"(65, 5)",19,12.0
80,Auction,D29,"(41, 10)",14,24.0
80,Auction,D30,"(22, 64)",17,20.0
80,Auction,D31,"(67, 7)",16,16.0
80,Auction,D32,"(40, 34)",16,30.0
80,Auction,D33,"(28, 29)",8,20.0
80,Auction,D34,"(56, 87)",6,19.0
80,Auction,D35,"(20, 58)",11,29.0
80,Q-Learning,D14,"(31, 20)",51,15.0
80,Q-Learning,D16,"(26, 4)",48,19.0
80,Q-Learning,D18,"(1, 41)",37,28.0
80,Q-Learning,D20,"(35, 97)",37,15.0
80,Q-Learning,D21,"(30, 45)",31,21.0
80,Q-Learning,D22,"(64, 45)",31,29.0
80,Q-Learning,D24,"(75, 76)",30,30.0
80,Q-Learning,D25,"(89, 98)",24,30.0
80,Q-Learning,D26,"(4, 72)",26,12.0
80,Q-Learning,D27,"(32, 2)",25,25.0
80,Q-Learning,D29,"(41, 10)",14,24.0
80,Q-Learning,D30,"(22, 64)",17,20.0
80,Q-Learning,D31,"(67, 7)",16,16.0
80,Q-Learning,D32,"(40, 34)",16,30.0
80,Q-Learning,D33,"(28, 29)",8,20.0
80,Q-Learning,D34,"(56, 87)",6,19.0
80,Q-Learning,D35,"(20, 58)",11,29.0
81,Greedy,D12,"(93, 54)",52,29.0
81,Greedy,D17,"(69, 56)",40,18.0
81,Greedy,D18,"(1, 41)",38,28.0
81,Greedy,D20,"(35, 97)",38,15.0
81,Greedy,D21,"(30, 45)",32,21.0
81,Greedy,D22,"(64, 45)",32,29.0
81,Greedy,D23,"(25, 51)",28,11.0
81,Greedy,D24,"(75, 76)",31,30.0
81,Greedy,D25,"(89, 98)",25,30.0
81,Greedy,D26,"(4, 72)",27,12.0
81,Greedy,D27,"(32, 2)",26,25.0
81,Greedy,D29,"(41, 10)",15,24.0
81,Greedy,D30,"(22, 64)",18,20.0
81,Greedy,D31,"(67, 7)",17,16.0
81,Greedy,D32,"(40, 34)",17,30.0
81,Greedy,D33,"(28, 29)",9,20.0
81,Greedy,D34,"(56, 87)",7,19.0
81,Greedy,D35,"(20, 58)",12,29.0
81,Auction,D17,"(69, 56)",40,18.0
81,Auction,D19,"(20, 63)",38,15.0
81,Auction,D21,"(30, 45)",32,21.0
81,Auction,D22,"(64, 45)",32,29.0
81,Auction,D23,"(25, 51)",28,11.0
81,Auction,D24,"(75, 76)",31,30.0
81,Auction,D25,"(89, 98)",25,30.0
81,Auction,D26,"(4, 72)",27,12.0
81,Auction,D27,"(32, 2)",26,25.0
81,Auction,D28,"(65, 5)",20,12.0
81,Auction,D29,"(41, 10)",15,24.0
81,Auction,D30,"(22, 64)",18,20.0
81,Auction,D31,"(67, 7)",17,16.0
81,Auction,D32,"(40, 34)",17,30.0
81,Auction,D33,"(28, 29)",9,20.0
81,Auction,D34,"(56, 87)",7,19.0
81,Auction,D35,"(20, 58)",12,29.0
81,Q-Learning,D14,"(31, 20)",52,15.0
81,Q-Learning,D16,"(26, 4)",49,19.0
81,Q-Learning,D18,"(1, 41)",38,28.0
81,Q-Learning,D20,"(35, 97)",38,15.0
81,Q-Learning,D21,"(30, 45)",32,21.0
81,Q-Learning,D22,"(64, 45)",32,29.0
81,Q-Learning,D24,"(75, 76)",31,30.0
81,Q-Learning,D25,"(89, 98)",25,30.0
81,Q-Learning,D26,"(4, 72)",27,12.0
81,Q-Learning,D27,"(32, 2)",26,25.0
81,Q-Learning,D29,"(41, 10)",15,24.0
81,Q-Learning,D30,"(22, 64)",18,20.0
81,Q-Learning,D31,"(67, 7)",17,16.0
81,Q-Learning,D32,"(40, 34)",17,30.0
81,Q-Learning,D33,"(28, 29)",9,20.0
81,Q-Learning,D34,"(56, 87)",7,19.0
81,Q-Learning,D35,"(20, 58)",12,29.0
82,Greedy,D12,"(93, 54)",53,29.0
82,Greedy,D17,"(69, 56)",41,18.0
82,Greedy,D18,"(1, 41)",39,28.0
82,Greedy,D20,"(35, 97)",39,15.0
82,Greedy,D21,"(30, 45)",33,21.0
82,Greedy,D22,"(64, 45)",33,29.0
82,Greedy,D23,"(25, 51)",29,11.0
82,Greedy,D24,"(75, 76)",32,30.0
82,Greedy,D25,"(89, 98)",26,30.0
82,Greedy,D26,"(4, 72)",28,12.0
82,Greedy,D27,"(32, 2)",27,25.0
82,Greedy,D29,"(41, 10)",16,24.0
82,Greedy,D30,"(22, 64)",19,20.0
82,Greedy,D31,"(67, 7)",18,16.0
82,Greedy,D32,"(40, 34)",18,30.0
82,Greedy,D33,"(28, 29)",10,20.0
82,Greedy,D34,"(56, 87)",8,19.0
82,Greedy,D35,"(20, 58)",13,29.0
82,Greedy,D36,"(46, 4)",1,30.0
82,Auction,D17,"(69, 56)",41,18.0
82,Auction,D19,"(20, 63)",39,15.0
82,Auction,D21,"(30, 45)",33,21.0
82,Auction,D22,"(64, 45)",33,29.0
82,Auction,D23,"(25, 51)",29,11.0
82,Auction,D24,"(75, 76)",32,30.0
82,Auction,D25,"(89, 98)",26,30.0
82,Auction,D26,"(4, 72)",28,12.0
82,Auction,D27,"(32, 2)",27,25.0
82,Auction,D28,"(65, 5)",21,12.0
82,Auction,D29,"(41, 10)",16,24.0
82,Auction,D30,"(22, 64)",19,20.0
82,Auction,D31,"(67, 7)",18,16.0
82,Auction,D32,"(40, 34)",18,30.0
82,Auction,D33,"(28, 29)",10,20.0
82,Auction,D34,"(56, 87)",8,19.0
82,Auction,D35,"(20, 58)",13,29.0
82,Auction,D36,"(46, 4)",1,30.0
82,Q-Learning,D14,"(31, 20)",53,15.0
82,Q-Learning,D16,"(26, 4)",50,19.0
82,Q-Learning,D18,"(1, 41)",39,28.0
82,Q-Learning,D20,"(35, 97)",39,15.0
82,Q-Learning,D21,"(30, 45)",33,21.0
82,Q-Learning,D22,"(64, 45)",33,29.0
82,Q-Learning,D24,"(75, 76)",32,30.0
82,Q-Learning,D25,"(89, 98)",26,30.0
82,Q-Learning,D26,"(4, 72)",28,12.0
82,Q-Learning,D27,"(32, 2)",27,25.0
82,Q-Learning,D29,"(41, 10)",16,24.0
82,Q-Learning,D30,"(22, 64)",19,20.0
82,Q-Learning,D31,"(67, 7)",18,16.0
82,Q-Learning,D32,"(40, 34)",18,30.0
82,Q-Learning,D33,"(28, 29)",10,20.0
82,Q-Learning,D34,"(56, 87)",8,19.0
82,Q-Learning,D35,"(20, 58)",13,29.0
82,Q-Learning,D36,"(46, 4)",1,30.0
83,Greedy,D12,"(93, 54)",54,29.0
83,Greedy,D17,"(69, 56)",42,18.0
83,Greedy,D18,"(1, 41)",40,28.0
83,Greedy,D20,"(35, 97)",40,15.0
83,Greedy,D21,"(30, 45)",34,21.0
83,Greedy,D22,"(64, 45)",34,29.0
83,Greedy,D23,"(25, 51)",30,11.0
83,Greedy,D24,"(75, 76)",33,30.0
83,Greedy,D25,"(89, 98)",27,30.0
83,Greedy,D26,"(4, 72)",29,12.0
83,Greedy,D27,"(32, 2)",28,25.0
83,Greedy,D29,"(41, 10)",17,24.0
83,Greedy,D30,"(22, 64)",20,20.0
83,Greedy,D31,"(67, 7)",19,16.0
83,Greedy,D32,"(40, 34)",19,30.0
83,Greedy,D33,"(28, 29)",11,20.0
83,Greedy,D34,"(56, 87)",9,19.0
83,Greedy,D35,"(20, 58)",14,29.0
83,Greedy,D36,"(46, 4)",2,30.0
83,Greedy,D37,"(25, 27)",5,21.0
83,Auction,D17,"(69, 56)",42,18.0
83,Auction,D19,"(20, 63)",40,15.0
83,Auction,D21,"(30, 45)",34,21.0
83,Auction,D22,"(64, 45)",34,29.0
83,Auction,D23,"(25, 51)",30,11.0
83,Auction,D24,"(75, 76)",33,30.0
83,Auction,D25,"(89, 98)",27,30.0
83,Auction,D26,"(4, 72)",29,12.0
83,Auction,D27,"(32, 2)",28,25.0
83,Auction,D28,"(65, 5)",22,12.0
83,Auction,D29,"(41, 10)",17,24.0
83,Auction,D30,"(22, 64)",20,20.0
83,Auction,D31,"(67, 7)",19,16.0
83,Auction,D32,"(40, 34)",19,30.0
83,Auction,D33,"(28, 29)",11,20.0
83,Auction,D34,"(56, 87)",9,19.0
83,Auction,D35,"(20, 58)",14,29.0
83,Auction,D36,"(46, 4)",2,30.0
83,Auction,D37,"(25, 27)",5,21.0
83,Q-Learning,D14,"(31, 20)",54,15.0
83,Q-Learning,D16,"(26, 4)",51,19.0
83,Q-Learning,D18,"(1, 41)",40,28.0
83,Q-Learning,D20,"(35, 97)",40,15.0
83,Q-Learning,D21,"(30, 45)",34,21.0
83,Q-Learning,D22,"(64, 45)",34,29.0
83,Q-Learning,D24,"(75, 76)",33,30.0
83,Q-Learning,D25,"(89, 98)",27,30.0
83,Q-Learning,D26,"(4, 72)",29,12.0
83,Q-Learning,D27,"(32, 2)",28,25.0
83,Q-Learning,D29,"(41, 10)",17,24.0
83,Q-Learning,D30,"(22, 64)",20,20.0
83,Q-Learning,D31,"(67, 7)",19,16.0
83,Q-Learning,D32,"(40, 34)",19,30.0
83,Q-Learning,D33,"(28, 29)",11,20.0
83,Q-Learning,D34,"(56, 87)",9,19.0
83,Q-Learning,D35,"(20, 58)",14,29.0
83,Q-Learning,D36,"(46, 4)",2,30.0
83,Q-Learning,D37,"(25, 27)",5,21.0
84,Greedy,D12,"(93, 54)",55,29.0
84,Greedy,D17,"(69, 56)",43,18.0
84,Greedy,D18,"(1, 41)",41,28.0
84,Greedy,D20,"(35, 97)",41,15.0
84,Greedy,D21,"(30, 45)",35,21.0
84,Greedy,D22,"(64, 45)",35,29.0
84,Greedy,D23,"(25, 51)",31,11.0
84,Greedy,D24,"(75, 76)",34,30.0
84,Greedy,D25,"(89, 98)",28,30.0
84,Greedy,D26,"(4, 72)",30,12.0
84,Greedy,D27,"(32, 2)",29,25.0
84,Greedy,D29,"(41, 10)",18,24.0
84,Greedy,D30,"(22, 64)",21,20.0
84,Greedy,D31,"(67, 7)",20,16.0
84,Greedy,D32,"(40, 34)",20,30.0
84,Greedy,D33,"(28, 29)",12,20.0
84,Greedy,D34,"(56, 87)",10,19.0
84,Greedy,D35,"(20, 58)",15,29.0
84,Greedy,D36,"(46, 4)",3,30.0
84,Greedy,D37,"(25, 27)",6,21.0
84,Auction,D17,"(69, 56)",43,18.0
84,Auction,D19,"(20, 63)",41,15.0
84,Auction,D21,"(30, 45)",35,21.0
84,Auction,D22,"(64, 45)",35,29.0
84,Auction,D23,"(25, 51)",31,11.0
84,Auction,D24,"(75, 76)",34,30.0
84,Auction,D25,"(89, 98)",28,30.0
84,Auction,D26,"(4, 72)",30,12.0
84,Auction,D27,"(32, 2)",29,25.0
84,Auction,D28,"(65, 5)",23,12.0
84,Auction,D29,"(41, 10)",18,24.0
84,Auction,D30,"(22, 64)",21,20.0
84,Auction,D31,"(67, 7)",20,16.0
84,Auction,D32,"(40, 34)",20,30.0
84,Auction,D33,"(28, 29)",12,20.0
84,Auction,D34,"(56, 87)",10,19.0
84,Auction,D35,"(20, 58)",15,29.0
84,Auction,D36,"(46, 4)",3,30.0
84,Auction,D37,"(25, 27)",6,21.0
84,Q-Learning,D14,"(31, 20)",55,15.0
84,Q-Learning,D16,"(26, 4)",52,19.0
84,Q-Learning,D18,"(1, 41)",41,28.0
84,Q-Learning,D20,"(35, 97)",41,15.0
84,Q-Learning,D21,"(30, 45)",35,21.0
84,Q-Learning,D22,"(64, 45)",35,29.0
84,Q-Learning,D24,"(75, 76)",34,30.0
84,Q-Learning,D25,"(89, 98)",28,30.0
84,Q-Learning,D26,"(4, 72)",30,12.0
84,Q-Learning,D27,"(32, 2)",29,25.0
84,Q-Learning,D29,"(41, 10)",18,24.0
84,Q-Learning,D30,"(22, 64)",21,20.0
84,Q-Learning,D31,"(67, 7)",20,16.0
84,Q-Learning,D32,"(40, 34)",20,30.0
84,Q-Learning,D33,"(28, 29)",12,20.0
84,Q-Learning,D34,"(56, 87)",10,19.0
84,Q-Learning,D35,"(20, 58)",15,29.0
84,Q-Learning,D36,"(46, 4)",3,30.0
84,Q-Learning,D37,"(25, 27)",6,21.0
85,Greedy,D12,"(93, 54)",56,29.0
85,Greedy,D17,"(69, 56)",44,18.0
85,Greedy,D18,"(1, 41)",42,28.0
85,Greedy,D20,"(35, 97)",42,15.0
85,Greedy,D21,"(30, 45)",36,21.0
85,Greedy,D22,"(64, 45)",36,29.0
85,Greedy,D23,"(25, 51)",32,11.0
85,Greedy,D24,"(75, 76)",35,30.0
85,Greedy,D25,"(89, 98)",29,30.0
85,Greedy,D26,"(4, 72)",31,12.0
85,Greedy,D27,"(32, 2)",30,25.0
85,Greedy,D29,"(41, 10)",19,24.0
85,Greedy,D30,"(22, 64)",22,20.0
85,Greedy,D31,"(67, 7)",21,16.0
85,Greedy,D32,"(40, 34)",21,30.0
85,Greedy,D33,"(28, 29)",13,20.0
85,Greedy,D34,"(56, 87)",11,19.0
85,Greedy,D35,"(20, 58)",16,29.0
85,Greedy,D36,"(46, 4)",4,30.0
85,Greedy,D37,"(25, 27)",7,21.0
85,Greedy,D38,"(20, 33)",1,20.0
85,Auction,D17,"(69, 56)",44,18.0
85,Auction,D19,"(20, 63)",42,15.0
85,Auction,D21,"(30, 45)",36,21.0
85,Auction,D22,"(64, 45)",36,29.0
85,Auction,D23,"(25, 51)",32,11.0
85,Auction,D24,"(75, 76)",35,30.0
85,Auction,D25,"(89, 98)",29,30.0
85,Auction,D26,"(4, 72)",31,12.0
85,Auction,D27,"(32, 2)",30,25.0
85,Auction,D28,"(65, 5)",24,12.0
85,Auction,D29,"(41, 10)",19,24.0
85,Auction,D30,"(22, 64)",22,20.0
85,Auction,D31,"(67, 7)",21,16.0
85,Auction,D32,"(40, 34)",21,30.0
85,Auction,D33,"(28, 29)",13,20.0
85,Auction,D34,"(56, 87)",11,19.0
85,Auction,D35,"(20, 58)",16,29.0
85,Auction,D36,"(46, 4)",4,30.0
85,Auction,D37,"(25, 27)",7,21.0
85,Auction,D38,"(20, 33)",1,20.0
85,Q-Learning,D14,"(31, 20)",56,15.0
85,Q-Learning,D16,"(26, 4)",53,19.0
85,Q-Learning,D18,"(1, 41)",42,28.0
85,Q-Learning,D20,"(35, 97)",42,15.0
85,Q-Learning,D21,"(30, 45)",36,21.0
85,Q-Learning,D22,"(64, 45)",36,29.0
85,Q-Learning,D24,"(75, 76)",35,30.0
85,Q-Learning,D25,"(89, 98)",29,30.0
85,Q-Learning,D26,"(4, 72)",31,12.0
85,Q-Learning,D27,"(32, 2)",30,25.0
85,Q-Learning,D29,"(41, 10)",19,24.0
85,Q-Learning,D30,"(22, 64)",22,20.0
85,Q-Learning,D31,"(67, 7)",21,16.0
85,Q-Learning,D32,"(40, 34)",21,30.0
85,Q-Learning,D33,"(28, 29)",13,20.0
85,Q-Learning,D34,"(56, 87)",11,19.0
85,Q-Learning,D35,"(20, 58)",16,29.0
85,Q-Learning,D36,"(46, 4)",4,30.0
85,Q-Learning,D37,"(25, 27)",7,21.0
85,Q-Learning,D38,"(20, 33)",1,20.0
86,Greedy,D12,"(93, 54)",57,29.0
86,Greedy,D17,"(69, 56)",45,18.0
86,Greedy,D18,"(1, 41)",43,28.0
86,Greedy,D20,"(35, 97)",43,15.0
86,Greedy,D21,"(30, 45)",37,21.0
86,Greedy,D22,"(64, 45)",37,29.0
86,Greedy,D23,"(25, 51)",33,11.0
86,Greedy,D24,"(75, 76)",36,30.0
86,Greedy,D25,"(89, 98)",30,30.0
86,Greedy,D26,"(4, 72)",32,12.0
86,Greedy,D27,"(32, 2)",31,25.0
86,Greedy,D29,"(41, 10)",20,24.0
86,Greedy,D30,"(22, 64)",23,20.0
86,Greedy,D31,"(67, 7)",22,16.0
86,Greedy,D32,"(40, 34)",22,30.0
86,Greedy,D33,"(28, 29)",14,20.0
86,Greedy,D34,"(56, 87)",12,19.0
86,Greedy,D35,"(20, 58)",17,29.0
86,Greedy,D36,"(46, 4)",5,30.0
86,Greedy,D37,"(25, 27)",8,21.0
86,Greedy,D38,"(20, 33)",2,20.0
86,Auction,D17,"(69, 56)",45,18.0
86,Auction,D19,"(20, 63)",43,15.0
86,Auction,D21,"(30, 45)",37,21.0
86,Auction,D22,"(64, 45)",37,29.0
86,Auction,D23,"(25, 51)",33,11.0
86,Auction,D24,"(75, 76)",36,30.0
86,Auction,D25,"(89, 98)",30,30.0
86,Auction,D26,"(4, 72)",32,12.0
86,Auction,D27,"(32, 2)",31,25.0
86,Auction,D28,"(65, 5)",25,12.0
86,Auction,D29,"(41, 10)",20,24.0
86,Auction,D30,"(22, 64)",23,20.0
86,Auction,D31,"(67, 7)",22,16.0
86,Auction,D32,"(40, 34)",22,30.0
86,Auction,D33,"(28, 29)",14,20.0
86,Auction,D34,"(56, 87)",12,19.0
86,Auction,D35,"(20, 58)",17,29.0
86,Auction,D36,"(46, 4)",5,30.0
86,Auction,D37,"(25, 27)",8,21.0
86,Auction,D38,"(20, 33)",2,20.0
86,Q-Learning,D14,"(31, 20)",57,15.0
86,Q-Learning,D16,"(26, 4)",54,19.0
86,Q-Learning,D18,"(1, 41)",43,28.0
86,Q-Learning,D20,"(35, 97)",43,15.0
86,Q-Learning,D21,"(30, 45)",37,21.0
86,Q-Learning,D22,"(64, 45)",37,29.0
86,Q-Learning,D24,"(75, 76)",36,30.0
86,Q-Learning,D25,"(89, 98)",30,30.0
86,Q-Learning,D26,"(4, 72)",32,12.0
86,Q-Learning,D27,"(32, 2)",31,25.0
86,Q-Learning,D29,"(41, 10)",20,24.0
86,Q-Learning,D30,"(22, 64)",23,20.0
86,Q-Learning,D31,"(67, 7)",22,16.0
86,Q-Learning,D32,"(40, 34)",22,30.0
86,Q-Learning,D33,"(28, 29)",14,20.0
86,Q-Learning,D34,"(56, 87)",12,19.0
86,Q-Learning,D35,"(20, 58)",17,29.0
86,Q-Learning,D36,"(46, 4)",5,30.0
86,Q-Learning,D37,"(25, 27)",8,21.0
86,Q-Learning,D38,"(20, 33)",2,20.0
87,Greedy,D12,"(93, 54)",58,29.0
87,Greedy,D17,"(69, 56)",46,18.0
87,Greedy,D18,"(1, 41)",44,28.0
87,Greedy,D20,"(35, 97)",44,15.0
87,Greedy,D21,"(30, 45)",38,21.0
87,Greedy,D22,"(64, 45)",38,29.0
87,Greedy,D23,"(25, 51)",34,11.0
87,Greedy,D24,"(75, 76)",37,30.0
87,Greedy,D25,"(89, 98)",31,30.0
87,Greedy,D26,"(4, 72)",33,12.0
87,Greedy,D27,"(32, 2)",32,25.0
87,Greedy,D29,"(41, 10)",21,24.0
87,Greedy,D30,"(22, 64)",24,20.0
87,Greedy,D31,"(67, 7)",23,16.0
87,Greedy,D32,"(40, 34)",23,30.0
87,Greedy,D33,"(28, 29)",15,20.0
87,Greedy,D34,"(56, 87)",13,19.0
87,Greedy,D35,"(20, 58)",18,29.0
87,Greedy,D36,"(46, 4)",6,30.0
87,Greedy,D37,"(25, 27)",9,21.0
87,Greedy,D38,"(20, 33)",3,20.0
87,Auction,D17,"(69, 56)",46,18.0
87,Auction,D19,"(20, 63)",44,15.0
87,Auction,D21,"(30, 45)",38,21.0
87,Auction,D22,"(64, 45)",38,29.0
87,Auction,D23,"(25, 51)",34,11.0
87,Auction,D24,"(75, 76)",37,30.0
87,Auction,D25,"(89, 98)",31,30.0
87,Auction,D26,"(4, 72)",33,12.0
87,Auction,D27,"(32, 2)",32,25.0
87,Auction,D28,"(65, 5)",26,12.0
87,Auction,D29,"(41, 10)",21,24.0
87,Auction,D30,"(22, 64)",24,20.0
87,Auction,D31,"(67, 7)",23,16.0
87,Auction,D32,"(40, 34)",23,30.0
87,Auction,D33,"(28, 29)",15,20.0
87,Auction,D34,"(56, 87)",13,19.0
87,Auction,D35,"(20, 58)",18,29.0
87,Auction,D36,"(46, 4)",6,30.0
87,Auction,D37,"(25, 27)",9,21.0
87,Auction,D38,"(20, 33)",3,20.0
87,Q-Learning,D14,"(31, 20)",58,15.0
87,Q-Learning,D16,"(26, 4)",55,19.0
87,Q-Learning,D18,"(1, 41)",44,28.0
87,Q-Learning,D20,"(35, 97)",44,15.0
87,Q-Learning,D21,"(30, 45)",38,21.0
87,Q-Learning,D22,"(64, 45)",38,29.0
87,Q-Learning,D24,"(75, 76)",37,30.0
87,Q-Learning,D25,"(89, 98)",31,30.0
87,Q-Learning,D26,"(4, 72)",33,12.0
87,Q-Learning,D27,"(32, 2)",32,25.0
87,Q-Learning,D29,"(41, 10)",21,24.0
87,Q-Learning,D30,"(22, 64)",24,20.0
87,Q-Learning,D31,"(67, 7)",23,16.0
87,Q-Learning,D32,"(40, 34)",23,30.0
87,Q-Learning,D33,"(28, 29)",15,20.0
87,Q-Learning,D34,"(56, 87)",13,19.0
87,Q-Learning,D35,"(20, 58)",18,29.0
87,Q-Learning,D36,"(46, 4)",6,30.0
87,Q-Learning,D37,"(25, 27)",9,21.0
87,Q-Learning,D38,"(20, 33)",3,20.0
88,Greedy,D12,"(93, 54)",59,29.0
88,Greedy,D17,"(69, 56)",47,18.0
88,Greedy,D18,"(1, 41)",45,28.0
88,Greedy,D20,"(35, 97)",45,15.0
88,Greedy,D21,"(30, 45)",39,21.0
88,Greedy,D22,"(64, 45)",39,29.0
88,Greedy,D23,"(25, 51)",35,11.0
88,Greedy,D24,"(75, 76)",38,30.0
88,Greedy,D25,"(89, 98)",32,30.0
88,Greedy,D26,"(4, 72)",34,12.0
88,Greedy,D27,"(32, 2)",33,25.0
88,Greedy,D29,"(41, 10)",22,24.0
88,Greedy,D30,"(22, 64)",25,20.0
88,Greedy,D31,"(67, 7)",24,16.0
88,Greedy,D32,"(40, 34)",24,30.0
88,Greedy,D33,"(28, 29)",16,20.0
88,Greedy,D34,"(56, 87)",14,19.0
88,Greedy,D35,"(20, 58)",19,29.0
88,Greedy,D36,"(46, 4)",7,30.0
88,Greedy,D37,"(25, 27)",10,21.0
88,Greedy,D38,"(20, 33)",4,20.0
88,Auction,D17,"(69, 56)",47,18.0
88,Auction,D19,"(20, 63)",45,15.0
88,Auction,D21,"(30, 45)",39,21.0
88,Auction,D22,"(64, 45)",39,29.0
88,Auction,D23,"(25, 51)",35,11.0
88,Auction,D24,"(75, 76)",38,30.0
88,Auction,D25,"(89, 98)",32,30.0
88,Auction,D26,"(4, 72)",34,12.0
88,Auction,D27,"(32, 2)",33,25.0
88,Auction,D28,"(65, 5)",27,12.0
88,Auction,D29,"(41, 10)",22,24.0
88,Auction,D30,"(22, 64)",25,20.0
88,Auction,D31,"(67, 7)",24,16.0
88,Auction,D32,"(40, 34)",24,30.0
88,Auction,D33,"(28, 29)",16,20.0
88,Auction,D34,"(56, 87)",14,19.0
88,Auction,D35,"(20, 58)",19,29.0
88,Auction,D36,"(46, 4)",7,30.0
88,Auction,D37,"(25, 27)",10,21.0
88,Auction,D38,"(20, 33)",4,20.0
88,Q-Learning,D14,"(31, 20)",59,15.0
88,Q-Learning,D16,"(26, 4)",56,19.0
88,Q-Learning,D18,"(1, 41)",45,28.0
88,Q-Learning,D20,"(35, 97)",45,15.0
88,Q-Learning,D21,"(30, 45)",39,21.0
88,Q-Learning,D22,"(64, 45)",39,29.0
88,Q-Learning,D24,"(75, 76)",38,30.0
88,Q-Learning,D25,"(89, 98)",32,30.0
88,Q-Learning,D26,"(4, 72)",34,12.0
88,Q-Learning,D27,"(32, 2)",33,25.0
88,Q-Learning,D29,"(41, 10)",22,24.0
88,Q-Learning,D30,"(22, 64)",25,20.0
88,Q-Learning,D31,"(67, 7)",24,16.0
88,Q-Learning,D32,"(40, 34)",24,30.0
88,Q-Learning,D33,"(28, 29)",16,20.0
88,Q-Learning,D34,"(56, 87)",14,19.0
88,Q-Learning,D35,"(20, 58)",19,29.0
88,Q-Learning,D36,"(46, 4)",7,30.0
88,Q-Learning,D37,"(25, 27)",10,21.0
88,Q-Learning,D38,"(20, 33)",4,20.0
89,Greedy,D12,"(93, 54)",60,29.0
89,Greedy,D17,"(69, 56)",48,18.0
89,Greedy,D18,"(1, 41)",46,28.0
89,Greedy,D20,"(35, 97)",46,15.0
89,Greedy,D21,"(30, 45)",40,21.0
89,Greedy,D22,"(64, 45)",40,29.0
89,Greedy,D23,"(25, 51)",36,11.0
89,Greedy,D24,"(75, 76)",39,30.0
89,Greedy,D25,"(89, 98)",33,30.0
89,Greedy,D26,"(4, 72)",35,12.0
89,Greedy,D27,"(32, 2)",34,25.0
89,Greedy,D29,"(41, 10)",23,24.0
89,Greedy,D30,"(22, 64)",26,20.0
89,Greedy,D31,"(67, 7)",25,16.0
89,Greedy,D32,"(40, 34)",25,30.0
89,Greedy,D33,"(28, 29)",17,20.0
89,Greedy,D34,"(56, 87)",15,19.0
89,Greedy,D35,"(20, 58)",20,29.0
89,Greedy,D36,"(46, 4)",8,30.0
89,Greedy,D37,"(25, 27)",11,21.0
89,Greedy,D38,"(20, 33)",5,20.0
89,Auction,D17,"(69, 56)",48,18.0
89,Auction,D19,"(20, 63)",46,15.0
89,Auction,D21,"(30, 45)",40,21.0
89,Auction,D22,"(64, 45)",40,29.0
89,Auction,D23,"(25, 51)",36,11.0
89,Auction,D24,"(75, 76)",39,30.0
89,Auction,D25,"(89, 98)",33,30.0
89,Auction,D26,"(4, 72)",35,12.0
89,Auction,D27,"(32, 2)",34,25.0
89,Auction,D28,"(65, 5)",28,12.0
89,Auction,D29,"(41, 10)",23,24.0
89,Auction,D30,"(22, 64)",26,20.0
89,Auction,D31,"(67, 7)",25,16.0
89,Auction,D32,"(40, 34)",25,30.0
89,Auction,D33,"(28, 29)",17,20.0
89,Auction,D34,"(56, 87)",15,19.0
89,Auction,D35,"(20, 58)",20,29.0
89,Auction,D36,"(46, 4)",8,30.0
89,Auction,D37,"(25, 27)",11,21.0
89,Auction,D38,"(20, 33)",5,20.0
89,Q-Learning,D14,"(31, 20)",60,15.0
89,Q-Learning,D16,"(26, 4)",57,19.0
89,Q-Learning,D18,"(1, 41)",46,28.0
89,Q-Learning,D20,"(35, 97)",46,15.0
89,Q-Learning,D21,"(30, 45)",40,21.0
89,Q-Learning,D22,"(64, 45)",40,29.0
89,Q-Learning,D24,"(75, 76)",39,30.0
89,Q-Learning,D25,"(89, 98)",33,30.0
89,Q-Learning,D26,"(4, 72)",35,12.0
89,Q-Learning,D27,"(32, 2)",34,25.0
89,Q-Learning,D29,"(41, 10)",23,24.0
89,Q-Learning,D30,"(22, 64)",26,20.0
89,Q-Learning,D31,"(67, 7)",25,16.0
89,Q-Learning,D32,"(40, 34)",25,30.0
89,Q-Learning,D33,"(28, 29)",17,20.0
89,Q-Learning,D34,"(56, 87)",15,19.0
89,Q-Learning,D35,"(20, 58)",20,29.0
89,Q-Learning,D36,"(46, 4)",8,30.0
89,Q-Learning,D37,"(25, 27)",11,21.0
89,Q-Learning,D38,"(20, 33)",5,20.0
90,Greedy,D12,"(93, 54)",61,29.0
90,Greedy,D17,"(69, 56)",49,18.0
90,Greedy,D18,"(1, 41)",47,28.0
90,Greedy,D20,"(35, 97)",47,15.0
90,Greedy,D21,"(30, 45)",41,21.0
90,Greedy,D22,"(64, 45)",41,29.0
90,Greedy,D23,"(25, 51)",37,11.0
90,Greedy,D24,"(75, 76)",40,30.0
90,Greedy,D25,"(89, 98)",34,30.0
90,Greedy,D26,"(4, 72)",36,12.0
90,Greedy,D27,"(32, 2)",35,25.0
90,Greedy,D29,"(41, 10)",24,24.0
90,Greedy,D30,"(22, 64)",27,20.0
90,Greedy,D31,"(67, 7)",26,16.0
90,Greedy,D32,"(40, 34)",26,30.0
90,Greedy,D33,"(28, 29)",18,20.0
90,Greedy,D34,"(56, 87)",16,19.0
90,Greedy,D35,"(20, 58)",21,29.0
90,Greedy,D36,"(46, 4)",9,30.0
90,Greedy,D37,"(25, 27)",12,21.0
90,Greedy,D38,"(20, 33)",6,20.0
90,Auction,D17,"(69, 56)",49,18.0
90,Auction,D19,"(20, 63)",47,15.0
90,Auction,D21,"(30, 45)",41,21.0
90,Auction,D22,"(64, 45)",41,29.0
90,Auction,D23,"(25, 51)",37,11.0
90,Auction,D24,"(75, 76)",40,30.0
90,Auction,D25,"(89, 98)",34,30.0
90,Auction,D26,"(4, 72)",36,12.0
90,Auction,D27,"(32, 2)",35,25.0
90,Auction,D28,"(65, 5)",29,12.0
90,Auction,D29,"(41, 10)",24,24.0
90,Auction,D30,"(22, 64)",27,20.0
90,Auction,D31,"(67, 7)",26,16.0
90,Auction,D32,"(40, 34)",26,30.0
90,Auction,D33,"(28, 29)",18,20.0
90,Auction,D34,"(56, 87)",16,19.0
90,Auction,D35,"(20, 58)",21,29.0
90,Auction,D36,"(46, 4)",9,30.0
90,Auction,D37,"(25, 27)",12,21.0
90,Auction,D38,"(20, 33)",6,20.0
90,Q-Learning,D14,"(31, 20)",61,15.0
90,Q-Learning,D16,"(26, 4)",58,19.0
90,Q-Learning,D18,"(1, 41)",47,28.0
90,Q-Learning,D20,"(35, 97)",47,15.0
90,Q-Learning,D21,"(30, 45)",41,21.0
90,Q-Learning,D22,"(64, 45)",41,29.0
90,Q-Learning,D24,"(75, 76)",40,30.0
90,Q-Learning,D25,"(89, 98)",34,30.0
90,Q-Learning,D26,"(4, 72)",36,12.0
90,Q-Learning,D27,"(32, 2)",35,25.0
90,Q-Learning,D29,"(41, 10)",24,24.0
90,Q-Learning,D30,"(22, 64)",27,20.0
90,Q-Learning,D31,"(67, 7)",26,16.0
90,Q-Learning,D32,"(40, 34)",26,30.0
90,Q-Learning,D33,"(28, 29)",18,20.0
90,Q-Learning,D34,"(56, 87)",16,19.0
90,Q-Learning,D35,"(20, 58)",21,29.0
90,Q-Learning,D36,"(46, 4)",9,30.0
90,Q-Learning,D37,"(25, 27)",12,21.0
90,Q-Learning,D38,"(20, 33)",6,20.0
91,Greedy,D12,"(93, 54)",62,29.0
91,Greedy,D17,"(69, 56)",50,18.0
91,Greedy,D18,"(1, 41)",48,28.0
91,Greedy,D20,"(35, 97)",48,15.0
91,Greedy,D21,"(30, 45)",42,21.0
91,Greedy,D22,"(64, 45)",42,29.0
91,Greedy,D23,"(25, 51)",38,11.0
91,Greedy,D24,"(75, 76)",41,30.0
91,Greedy,D25,"(89, 98)",35,30.0
91,Greedy,D26,"(4, 72)",37,12.0
91,Greedy,D27,"(32, 2)",36,25.0
91,Greedy,D29,"(41, 10)",25,24.0
91,Greedy,D30,"(22, 64)",28,20.0
91,Greedy,D31,"(67, 7)",27,16.0
91,Greedy,D32,"(40, 34)",27,30.0
91,Greedy,D33,"(28, 29)",19,20.0
91,Greedy,D34,"(56, 87)",17,19.0
91,Greedy,D35,"(20, 58)",22,29.0
91,Greedy,D36,"(46, 4)",10,30.0
91,Greedy,D37,"(25, 27)",13,21.0
91,Greedy,D38,"(20, 33)",7,20.0
91,Greedy,D39,"(19, 2)",4,12.0
91,Auction,D17,"(69, 56)",50,18.0
91,Auction,D19,"(20, 63)",48,15.0
91,Auction,D21,"(30, 45)",42,21.0
91,Auction,D22,"(64, 45)",42,29.0
91,Auction,D23,"(25, 51)",38,11.0
91,Auction,D24,"(75, 76)",41,30.0
91,Auction,D25,"(89, 98)",35,30.0
91,Auction,D26,"(4, 72)",37,12.0
91,Auction,D27,"(32, 2)",36,25.0
91,Auction,D28,"(65, 5)",30,12.0
91,Auction,D29,"(41, 10)",25,24.0
91,Auction,D30,"(22, 64)",28,20.0
91,Auction,D31,"(67, 7)",27,16.0
91,Auction,D32,"(40, 34)",27,30.0
91,Auction,D33,"(28, 29)",19,20.0
91,Auction,D34,"(56, 87)",17,19.0
91,Auction,D35,"(20, 58)",22,29.0
91,Auction,D36,"(46, 4)",10,30.0
91,Auction,D37,"(25, 27)",13,21.0
91,Auction,D38,"(20, 33)",7,20.0
91,Auction,D39,"(19, 2)",4,12.0
91,Q-Learning,D14,"(31, 20)",62,15.0
91,Q-Learning,D16,"(26, 4)",59,19.0
91,Q-Learning,D18,"(1, 41)",48,28.0
91,Q-Learning,D20,"(35, 97)",48,15.0
91,Q-Learning,D21,"(30, 45)",42,21.0
91,Q-Learning,D22,"(64, 45)",42,29.0
91,Q-Learning,D24,"(75, 76)",41,30.0
91,Q-Learning,D25,"(89, 98)",35,30.0
91,Q-Learning,D26,"(4, 72)",37,12.0
91,Q-Learning,D27,"(32, 2)",36,25.0
91,Q-Learning,D29,"(41, 10)",25,24.0
91,Q-Learning,D30,"(22, 64)",28,20.0
91,Q-Learning,D31,"(67, 7)",27,16.0
91,Q-Learning,D32,"(40, 34)",27,30.0
91,Q-Learning,D33,"(28, 29)",19,20.0
91,Q-Learning,D34,"(56, 87)",17,19.0
91,Q-Learning,D35,"(20, 58)",22,29.0
91,Q-Learning,D36,"(46, 4)",10,30.0
91,Q-Learning,D37,"(25, 27)",13,21.0
91,Q-Learning,D38,"(20, 33)",7,20.0
91,Q-Learning,D39,"(19, 2)",4,12.0
92,Greedy,D12,"(93, 54)",63,29.0
92,Greedy,D17,"(69, 56)",51,18.0
92,Greedy,D18,"(1, 41)",49,28.0
92,Greedy,D20,"(35, 97)",49,15.0
92,Greedy,D21,"(30, 45)",43,21.0
92,Greedy,D22,"(64, 45)",43,29.0
92,Greedy,D23,"(25, 51)",39,11.0
92,Greedy,D24,"(75, 76)",42,30.0
92,Greedy,D25,"(89, 98)",36,30.0
92,Greedy,D26,"(4, 72)",38,12.0
92,Greedy,D27,"(32, 2)",37,25.0
92,Greedy,D29,"(41, 10)",26,24.0
92,Greedy,D30,"(22, 64)",29,20.0
92,Greedy,D31,"(67, 7)",28,16.0
92,Greedy,D32,"(40, 34)",28,30.0
92,Greedy,D33,"(28, 29)",20,20.0
92,Greedy,D34,"(56, 87)",18,19.0
92,Greedy,D35,"(20, 58)",23,29.0
92,Greedy,D36,"(46, 4)",11,30.0
92,Greedy,D37,"(25, 27)",14,21.0
92,Greedy,D38,"(20, 33)",8,20.0
92,Greedy,D39,"(19, 2)",5,12.0
92,Greedy,D40,"(54, 56)",4,26.0
92,Auction,D17,"(69, 56)",51,18.0
92,Auction,D19,"(20, 63)",49,15.0
92,Auction,D21,"(30, 45)",43,21.0
92,Auction,D22,"(64, 45)",43,29.0
92,Auction,D23,"(25, 51)",39,11.0
92,Auction,D24,"(75, 76)",42,30.0
92,Auction,D25,"(89, 98)",36,30.0
92,Auction,D26,"(4, 72)",38,12.0
92,Auction,D27,"(32, 2)",37,25.0
92,Auction,D28,"(65, 5)",31,12.0
92,Auction,D29,"(41, 10)",26,24.0
92,Auction,D30,"(22, 64)",29,20.0
92,Auction,D31,"(67, 7)",28,16.0
92,Auction,D32,"(40, 34)",28,30.0
92,Auction,D33,"(28, 29)",20,20.0
92,Auction,D34,"(56, 87)",18,19.0
92,Auction,D35,"(20, 58)",23,29.0
92,Auction,D36,"(46, 4)",11,30.0
92,Auction,D37,"(25, 27)",14,21.0
92,Auction,D38,"(20, 33)",8,20.0
92,Auction,D39,"(19, 2)",5,12.0
92,Auction,D40,"(54, 56)",4,26.0
92,Q-Learning,D14,"(31, 20)",63,15.0
92,Q-Learning,D16,"(26, 4)",60,19.0
92,Q-Learning,D18,"(1, 41)",49,28.0
92,Q-Learning,D20,"(35, 97)",49,15.0
92,Q-Learning,D21,"(30, 45)",43,21.0
92,Q-Learning,D22,"(64, 45)",43,29.0
92,Q-Learning,D24,"(75, 76)",42,30.0
92,Q-Learning,D25,"(89, 98)",36,30.0
92,Q-Learning,D26,"(4, 72)",38,12.0
92,Q-Learning,D27,"(32, 2)",37,25.0
92,Q-Learning,D29,"(41, 10)",26,24.0
92,Q-Learning,D30,"(22, 64)",29,20.0
92,Q-Learning,D31,"(67, 7)",28,16.0
92,Q-Learning,D32,"(40, 34)",28,30.0
92,Q-Learning,D33,"(28, 29)",20,20.0
92,Q-Learning,D34,"(56, 87)",18,19.0
92,Q-Learning,D35,"(20, 58)",23,29.0
92,Q-Learning,D36,"(46, 4)",11,30.0
92,Q-Learning,D37,"(25, 27)",14,21.0
92,Q-Learning,D38,"(20, 33)",8,20.0
92,Q-Learning,D39,"(19, 2)",5,12.0
92,Q-Learning,D40,"(54, 56)",4,26.0
93,Greedy,D12,"(93, 54)",64,29.0
93,Greedy,D17,"(69, 56)",52,18.0
93,Greedy,D18,"(1, 41)",50,28.0
93,Greedy,D20,"(35, 97)",50,15.0
93,Greedy,D21,"(30, 45)",44,21.0
93,Greedy,D22,"(64, 45)",44,29.0
93,Greedy,D23,"(25, 51)",40,11.0
93,Greedy,D24,"(75, 76)",43,30.0
93,Greedy,D25,"(89, 98)",37,30.0
93,Greedy,D26,"(4, 72)",39,12.0
93,Greedy,D27,"(32, 2)",38,25.0
93,Greedy,D29,"(41, 10)",27,24.0
93,Greedy,D30,"(22, 64)",30,20.0
93,Greedy,D31,"(67, 7)",29,16.0
93,Greedy,D32,"(40, 34)",29,30.0
93,Greedy,D33,"(28, 29)",21,20.0
93,Greedy,D34,"(56, 87)",19,19.0
93,Greedy,D35,"(20, 58)",24,29.0
93,Greedy,D36,"(46, 4)",12,30.0
93,Greedy,D37,"(25, 27)",15,21.0
93,Greedy,D38,"(20, 33)",9,20.0
93,Greedy,D39,"(19, 2)",6,12.0
93,Greedy,D40,"(54, 56)",5,26.0
93,Auction,D17,"(69, 56)",52,18.0
93,Auction,D19,"(20, 63)",50,15.0
93,Auction,D21,"(30, 45)",44,21.0
93,Auction,D22,"(64, 45)",44,29.0
93,Auction,D23,"(25, 51)",40,11.0
93,Auction,D24,"(75, 76)",43,30.0
93,Auction,D25,"(89, 98)",37,30.0
93,Auction,D26,"(4, 72)",39,12.0
93,Auction,D27,"(32, 2)",38,25.0
93,Auction,D28,"(65, 5)",32,12.0
93,Auction,D29,"(41, 10)",27,24.0
93,Auction,D30,"(22, 64)",30,20.0
93,Auction,D31,"(67, 7)",29,16.0
93,Auction,D32,"(40, 34)",29,30.0
93,Auction,D33,"(28, 29)",21,20.0
93,Auction,D34,"(56, 87)",19,19.0
93,Auction,D35,"(20, 58)",24,29.0
93,Auction,D36,"(46, 4)",12,30.0
93,Auction,D37,"(25, 27)",15,21.0
93,Auction,D38,"(20, 33)",9,20.0
93,Auction,D39,"(19, 2)",6,12.0
93,Auction,D40,"(54, 56)",5,26.0
93,Q-Learning,D14,"(31, 20)",64,15.0
93,Q-Learning,D16,"(26, 4)",61,19.0
93,Q-Learning,D18,"(1, 41)",50,28.0
93,Q-Learning,D20,"(35, 97)",50,15.0
93,Q-Learning,D21,"(30, 45)",44,21.0
93,Q-Learning,D22,"(64, 45)",44,29.0
93,Q-Learning,D24,"(75, 76)",43,30.0
93,Q-Learning,D25,"(89, 98)",37,30.0
93,Q-Learning,D26,"(4, 72)",39,12.0
93,Q-Learning,D27,"(32, 2)",38,25.0
93,Q-Learning,D29,"(41, 10)",27,24.0
93,Q-Learning,D30,"(22, 64)",30,20.0
93,Q-Learning,D31,"(67, 7)",29,16.0
93,Q-Learning,D32,"(40, 34)",29,30.0
93,Q-Learning,D33,"(28, 29)",21,20.0
93,Q-Learning,D34,"(56, 87)",19,19.0
93,Q-Learning,D35,"(20, 58)",24,29.0
93,Q-Learning,D36,"(46, 4)",12,30.0
93,Q-Learning,D37,"(25, 27)",15,21.0
93,Q-Learning,D38,"(20, 33)",9,20.0
93,Q-Learning,D39,"(19, 2)",6,12.0
93,Q-Learning,D40,"(54, 56)",5,26.0
94,Greedy,D12,"(93, 54)",65,29.0
94,Greedy,D17,"(69, 56)",53,18.0
94,Greedy,D18,"(1, 41)",51,28.0
94,Greedy,D20,"(35, 97)",51,15.0
94,Greedy,D21,"(30, 45)",45,21.0
94,Greedy,D22,"(64, 45)",45,29.0
94,Greedy,D23,"(25, 51)",41,11.0
94,Greedy,D24,"(75, 76)",44,30.0
94,Greedy,D25,"(89, 98)",38,30.0
94,Greedy,D26,"(4, 72)",40,12.0
94,Greedy,D27,"(32, 2)",39,25.0
94,Greedy,D29,"(41, 10)",28,24.0
94,Greedy,D30,"(22, 64)",31,20.0
94,Greedy,D31,"(67, 7)",30,16.0
94,Greedy,D32,"(40, 34)",30,30.0
94,Greedy,D33,"(28, 29)",22,20.0
94,Greedy,D34,"(56, 87)",20,19.0
94,Greedy,D35,"(20, 58)",25,29.0
94,Greedy,D36,"(46, 4)",13,30.0
94,Greedy,D37,"(25, 27)",16,21.0
94,Greedy,D38,"(20, 33)",10,20.0
94,Greedy,D39,"(19, 2)",7,12.0
94,Greedy,D40,"(54, 56)",6,26.0
94,Greedy,D41,"(53, 60)",4,30.0
94,Auction,D17,"(69, 56)",53,18.0
94,Auction,D19,"(20, 63)",51,15.0
94,Auction,D21,"(30, 45)",45,21.0
94,Auction,D22,"(64, 45)",45,29.0
94,Auction,D23,"(25, 51)",41,11.0
94,Auction,D24,"(75, 76)",44,30.0
94,Auction,D25,"(89, 98)",38,30.0
94,Auction,D26,"(4, 72)",40,12.0
94,Auction,D27,"(32, 2)",39,25.0
94,Auction,D28,"(65, 5)",33,12.0
94,Auction,D29,"(41, 10)",28,24.0
94,Auction,D30,"(22, 64)",31,20.0
94,Auction,D31,"(67, 7)",30,16.0
94,Auction,D32,"(40, 34)",30,30.0
94,Auction,D33,"(28, 29)",22,20.0
94,Auction,D34,"(56, 87)",20,19.0
94,Auction,D35,"(20, 58)",25,29.0
94,Auction,D36,"(46, 4)",13,30.0
94,Auction,D37,"(25, 27)",16,21.0
94,Auction,D38,"(20, 33)",10,20.0
94,Auction,D39,"(19, 2)",7,12.0
94,Auction,D40,"(54, 56)",6,26.0
94,Auction,D41,"(53, 60)",4,30.0
94,Q-Learning,D14,"(31, 20)",65,15.0
94,Q-Learning,D16,"(26, 4)",62,19.0
94,Q-Learning,D18,"(1, 41)",51,28.0
94,Q-Learning,D20,"(35, 97)",51,15.0
94,Q-Learning,D21,"(30, 45)",45,21.0
94,Q-Learning,D22,"(64, 45)",45,29.0
94,Q-Learning,D24,"(75, 76)",44,30.0
94,Q-Learning,D25,"(89, 98)",38,30.0
94,Q-Learning,D26,"(4, 72)",40,12.0
94,Q-Learning,D27,"(32, 2)",39,25.0
94,Q-Learning,D29,"(41, 10)",28,24.0
94,Q-Learning,D30,"(22, 64)",31,20.0
94,Q-Learning,D31,"(67, 7)",30,16.0
94,Q-Learning,D32,"(40, 34)",30,30.0
94,Q-Learning,D33,"(28, 29)",22,20.0
94,Q-Learning,D34,"(56, 87)",20,19.0
94,Q-Learning,D35,"(20, 58)",25,29.0
94,Q-Learning,D36,"(46, 4)",13,30.0
94,Q-Learning,D37,"(25, 27)",16,21.0
94,Q-Learning,D38,"(20, 33)",10,20.0
94,Q-Learning,D39,"(19, 2)",7,12.0
94,Q-Learning,D40,"(54, 56)",6,26.0
94,Q-Learning,D41,"(53, 60)",4,30.0
95,Greedy,D12,"(93, 54)",66,29.0
95,Greedy,D17,"(69, 56)",54,18.0
95,Greedy,D18,"(1, 41)",52,28.0
95,Greedy,D20,"(35, 97)",52,15.0
95,Greedy,D21,"(30, 45)",46,21.0
95,Greedy,D22,"(64, 45)",46,29.0
95,Greedy,D23,"(25, 51)",42,11.0
95,Greedy,D24,"(75, 76)",45,30.0
95,Greedy,D25,"(89, 98)",39,30.0
95,Greedy,D26,"(4, 72)",41,12.0
95,Greedy,D27,"(32, 2)",40,25.0
95,Greedy,D29,"(41, 10)",29,24.0
95,Greedy,D30,"(22, 64)",32,20.0
95,Greedy,D31,"(67, 7)",31,16.0
95,Greedy,D32,"(40, 34)",31,30.0
95,Greedy,D33,"(28, 29)",23,20.0
95,Greedy,D34,"(56, 87)",21,19.0
95,Greedy,D35,"(20, 58)",26,29.0
95,Greedy,D36,"(46, 4)",14,30.0
95,Greedy,D37,"(25, 27)",17,21.0
95,Greedy,D38,"(20, 33)",11,20.0
95,Greedy,D39,"(19, 2)",8,12.0
95,Greedy,D40,"(54, 56)",7,26.0
95,Greedy,D41,"(53, 60)",5,30.0
95,Greedy,D42,"(37, 77)",7,18.0
95,Auction,D17,"(69, 56)",54,18.0
95,Auction,D19,"(20, 63)",52,15.0
95,Auction,D21,"(30, 45)",46,21.0
95,Auction,D22,"(64, 45)",46,29.0
95,Auction,D23,"(25, 51)",42,11.0
95,Auction,D24,"(75, 76)",45,30.0
95,Auction,D25,"(89, 98)",39,30.0
95,Auction,D26,"(4, 72)",41,12.0
95,Auction,D27,"(32, 2)",40,25.0
95,Auction,D28,"(65, 5)",34,12.0
95,Auction,D29,"(41, 10)",29,24.0
95,Auction,D30,"(22, 64)",32,20.0
95,Auction,D31,"(67, 7)",31,16.0
95,Auction,D32,"(40, 34)",31,30.0
95,Auction,D33,"(28, 29)",23,20.0
95,Auction,D34,"(56, 87)",21,19.0
95,Auction,D35,"(20, 58)",26,29.0
95,Auction,D36,"(46, 4)",14,30.0
95,Auction,D37,"(25, 27)",17,21.0
95,Auction,D38,"(20, 33)",11,20.0
95,Auction,D39,"(19, 2)",8,12.0
95,Auction,D40,"(54, 56)",7,26.0
95,Auction,D41,"(53, 60)",5,30.0
95,Auction,D42,"(37, 77)",7,18.0
95,Q-Learning,D14,"(31, 20)",66,15.0
95,Q-Learning,D16,"(26, 4)",63,19.0
95,Q-Learning,D18,"(1, 41)",52,28.0
95,Q-Learning,D20,"(35, 97)",52,15.0
95,Q-Learning,D21,"(30, 45)",46,21.0
95,Q-Learning,D22,"(64, 45)",46,29.0
95,Q-Learning,D24,"(75, 76)",45,30.0
95,Q-Learning,D25,"(89, 98)",39,30.0
95,Q-Learning,D26,"(4, 72)",41,12.0
95,Q-Learning,D27,"(32, 2)",40,25.0
95,Q-Learning,D29,"(41, 10)",29,24.0
95,Q-Learning,D30,"(22, 64)",32,20.0
95,Q-Learning,D31,"(67, 7)",31,16.0
95,Q-Learning,D32,"(40, 34)",31,30.0
95,Q-Learning,D33,"(28, 29)",23,20.0
95,Q-Learning,D34,"(56, 87)",21,19.0
95,Q-Learning,D35,"(20, 58)",26,29.0
95,Q-Learning,D36,"(46, 4)",14,30.0
95,Q-Learning,D37,"(25, 27)",17,21.0
95,Q-Learning,D38,"(20, 33)",11,20.0
95,Q-Learning,D39,"(19, 2)",8,12.0
95,Q-Learning,D40,"(54, 56)",7,26.0
95,Q-Learning,D41,"(53, 60)",5,30.0
95,Q-Learning,D42,"(37, 77)",7,18.0
96,Greedy,D12,"(93, 54)",67,29.0
96,Greedy,D17,"(69, 56)",55,18.0
96,Greedy,D18,"(1, 41)",53,28.0
96,Greedy,D20,"(35, 97)",53,15.0
96,Greedy,D21,"(30, 45)",47,21.0
96,Greedy,D22,"(64, 45)",47,29.0
96,Greedy,D23,"(25, 51)",43,11.0
96,Greedy,D24,"(75, 76)",46,30.0
96,Greedy,D25,"(89, 98)",40,30.0
96,Greedy,D26,"(4, 72)",42,12.0
96,Greedy,D27,"(32, 2)",41,25.0
96,Greedy,D29,"(41, 10)",30,24.0
96,Greedy,D30,"(22, 64)",33,20.0
96,Greedy,D31,"(67, 7)",32,16.0
96,Greedy,D32,"(40, 34)",32,30.0
96,Greedy,D33,"(28, 29)",24,20.0
96,Greedy,D34,"(56, 87)",22,19.0
96,Greedy,D35,"(20, 58)",27,29.0
96,Greedy,D36,"(46, 4)",15,30.0
96,Greedy,D37,"(25, 27)",18,21.0
96,Greedy,D38,"(20, 33)",12,20.0
96,Greedy,D39,"(19, 2)",9,12.0
96,Greedy,D40,"(54, 56)",8,26.0
96,Greedy,D41,"(53, 60)",6,30.0
96,Greedy,D42,"(37, 77)",8,18.0
96,Auction,D17,"(69, 56)",55,18.0
96,Auction,D19,"(20, 63)",53,15.0
96,Auction,D21,"(30, 45)",47,21.0
96,Auction,D22,"(64, 45)",47,29.0
96,Auction,D23,"(25, 51)",43,11.0
96,Auction,D24,"(75, 76)",46,30.0
96,Auction,D25,"(89, 98)",40,30.0
96,Auction,D26,"(4, 72)",42,12.0
96,Auction,D27,"(32, 2)",41,25.0
96,Auction,D28,"(65, 5)",35,12.0
96,Auction,D29,"(41, 10)",30,24.0
96,Auction,D30,"(22, 64)",33,20.0
96,Auction,D31,"(67, 7)",32,16.0
96,Auction,D32,"(40, 34)",32,30.0
96,Auction,D33,"(28, 29)",24,20.0
96,Auction,D34,"(56, 87)",22,19.0
96,Auction,D35,"(20, 58)",27,29.0
96,Auction,D36,"(46, 4)",15,30.0
96,Auction,D37,"(25, 27)",18,21.0
96,Auction,D38,"(20, 33)",12,20.0
96,Auction,D39,"(19, 2)",9,12.0
96,Auction,D40,"(54, 56)",8,26.0
96,Auction,D41,"(53, 60)",6,30.0
96,Auction,D42,"(37, 77)",8,18.0
96,Q-Learning,D14,"(31, 20)",67,15.0
96,Q-Learning,D16,"(26, 4)",64,19.0
96,Q-Learning,D18,"(1, 41)",53,28.0
96,Q-Learning,D20,"(35, 97)",53,15.0
96,Q-Learning,D21,"(30, 45)",47,21.0
96,Q-Learning,D22,"(64, 45)",47,29.0
96,Q-Learning,D24,"(75, 76)",46,30.0
96,Q-Learning,D25,"(89, 98)",40,30.0
96,Q-Learning,D26,"(4, 72)",42,12.0
96,Q-Learning,D27,"(32, 2)",41,25.0
96,Q-Learning,D29,"(41, 10)",30,24.0
96,Q-Learning,D30,"(22, 64)",33,20.0
96,Q-Learning,D31,"(67, 7)",32,16.0
96,Q-Learning,D32,"(40, 34)",32,30.0
96,Q-Learning,D33,"(28, 29)",24,20.0
96,Q-Learning,D34,"(56, 87)",22,19.0
96,Q-Learning,D35,"(20, 58)",27,29.0
96,Q-Learning,D36,"(46, 4)",15,30.0
96,Q-Learning,D37,"(25, 27)",18,21.0
96,Q-Learning,D38,"(20, 33)",12,20.0
96,Q-Learning,D39,"(19, 2)",9,12.0
96,Q-Learning,D40,"(54, 56)",8,26.0
96,Q-Learning,D41,"(53, 60)",6,30.0
96,Q-Learning,D42,"(37, 77)",8,18.0
97,Greedy,D12,"(93, 54)",68,29.0
97,Greedy,D17,"(69, 56)",56,18.0
97,Greedy,D18,"(1, 41)",54,28.0
97,Greedy,D20,"(35, 97)",54,15.0
97,Greedy,D21,"(30, 45)",48,21.0
97,Greedy,D22,"(64, 45)",48,29.0
97,Greedy,D23,"(25, 51)",44,11.0
97,Greedy,D24,"(75, 76)",47,30.0
97,Greedy,D25,"(89, 98)",41,30.0
97,Greedy,D26,"(4, 72)",43,12.0
97,Greedy,D27,"(32, 2)",42,25.0
97,Greedy,D29,"(41, 10)",31,24.0
97,Greedy,D30,"(22, 64)",34,20.0
97,Greedy,D31,"(67, 7)",33,16.0
97,Greedy,D32,"(40, 34)",33,30.0
97,Greedy,D33,"(28, 29)",25,20.0
97,Greedy,D34,"(56, 87)",23,19.0
97,Greedy,D35,"(20, 58)",28,29.0
97,Greedy,D36,"(46, 4)",16,30.0
97,Greedy,D37,"(25, 27)",19,21.0
97,Greedy,D38,"(20, 33)",13,20.0
97,Greedy,D39,"(19, 2)",10,12.0
97,Greedy,D40,"(54, 56)",9,26.0
97,Greedy,D41,"(53, 60)",7,30.0
97,Greedy,D42,"(37, 77)",9,18.0
97,Auction,D17,"(69, 56)",56,18.0
97,Auction,D19,"(20, 63)",54,15.0
97,Auction,D21,"(30, 45)",48,21.0
97,Auction,D22,"(64, 45)",48,29.0
97,Auction,D23,"(25, 51)",44,11.0
97,Auction,D24,"(75, 76)",47,30.0
97,Auction,D25,"(89, 98)",41,30.0
97,Auction,D26,"(4, 72)",43,12.0
97,Auction,D27,"(32, 2)",42,25.0
97,Auction,D28,"(65, 5)",36,12.0
97,Auction,D29,"(41, 10)",31,24.0
97,Auction,D30,"(22, 64)",34,20.0
97,Auction,D31,"(67, 7)",33,16.0
97,Auction,D32,"(40, 34)",33,30.0
97,Auction,D33,"(28, 29)",25,20.0
97,Auction,D34,"(56, 87)",23,19.0
97,Auction,D35,"(20, 58)",28,29.0
97,Auction,D36,"(46, 4)",16,30.0
97,Auction,D37,"(25, 27)",19,21.0
97,Auction,D38,"(20, 33)",13,20.0
97,Auction,D39,"(19, 2)",10,12.0
97,Auction,D40,"(54, 56)",9,26.0
97,Auction,D41,"(53, 60)",7,30.0
97,Auction,D42,"(37, 77)",9,18.0
97,Q-Learning,D14,"(31, 20)",68,15.0
97,Q-Learning,D16,"(26, 4)",65,19.0
97,Q-Learning,D18,"(1, 41)",54,28.0
97,Q-Learning,D20,"(35, 97)",54,15.0
97,Q-Learning,D21,"(30, 45)",48,21.0
97,Q-Learning,D22,"(64, 45)",48,29.0
97,Q-Learning,D24,"(75, 76)",47,30.0
97,Q-Learning,D25,"(89, 98)",41,30.0
97,Q-Learning,D26,"(4, 72)",43,12.0
97,Q-Learning,D27,"(32, 2)",42,25.0
97,Q-Learning,D29,"(41, 10)",31,24.0
97,Q-Learning,D30,"(22, 64)",34,20.0
97,Q-Learning,D31,"(67, 7)",33,16.0
97,Q-Learning,D32,"(40, 34)",33,30.0
97,Q-Learning,D33,"(28, 29)",25,20.0
97,Q-Learning,D34,"(56, 87)",23,19.0
97,Q-Learning,D35,"(20, 58)",28,29.0
97,Q-Learning,D36,"(46, 4)",16,30.0
97,Q-Learning,D37,"(25, 27)",19,21.0
97,Q-Learning,D38,"(20, 33)",13,20.0
97,Q-Learning,D39,"(19, 2)",10,12.0
97,Q-Learning,D40,"(54, 56)",9,26.0
97,Q-Learning,D41,"(53, 60)",7,30.0
97,Q-Learning,D42,"(37, 77)",9,18.0
98,Greedy,D12,"(93, 54)",69,29.0
98,Greedy,D17,"(69, 56)",57,18.0
98,Greedy,D18,"(1, 41)",55,28.0
98,Greedy,D20,"(35, 97)",55,15.0
98,Greedy,D21,"(30, 45)",49,21.0
98,Greedy,D22,"(64, 45)",49,29.0
98,Greedy,D23,"(25, 51)",45,11.0
98,Greedy,D24,"(75, 76)",48,30.0
98,Greedy,D25,"(89, 98)",42,30.0
98,Greedy,D26,"(4, 72)",44,12.0
98,Greedy,D27,"(32, 2)",43,25.0
98,Greedy,D29,"(41, 10)",32,24.0
98,Greedy,D30,"(22, 64)",35,20.0
98,Greedy,D31,"(67, 7)",34,16.0
98,Greedy,D32,"(40, 34)",34,30.0
98,Greedy,D33,"(28, 29)",26,20.0
98,Greedy,D34,"(56, 87)",24,19.0
98,Greedy,D35,"(20, 58)",29,29.0
98,Greedy,D36,"(46, 4)",17,30.0
98,Greedy,D37,"(25, 27)",20,21.0
98,Greedy,D38,"(20, 33)",14,20.0
98,Greedy,D39,"(19, 2)",11,12.0
98,Greedy,D40,"(54, 56)",10,26.0
98,Greedy,D41,"(53, 60)",8,30.0
98,Greedy,D42,"(37, 77)",10,18.0
98,Greedy,D43,"(11, 2)",3,27.0
98,Auction,D17,"(69, 56)",57,18.0
98,Auction,D19,"(20, 63)",55,15.0
98,Auction,D21,"(30, 45)",49,21.0
98,Auction,D22,"(64, 45)",49,29.0
98,Auction,D23,"(25, 51)",45,11.0
98,Auction,D24,"(75, 76)",48,30.0
98,Auction,D25,"(89, 98)",42,30.0
98,Auction,D26,"(4, 72)",44,12.0
98,Auction,D27,"(32, 2)",43,25.0
98,Auction,D28,"(65, 5)",37,12.0
98,Auction,D29,"(41, 10)",32,24.0
98,Auction,D30,"(22, 64)",35,20.0
98,Auction,D31,"(67, 7)",34,16.0
98,Auction,D32,"(40, 34)",34,30.0
98,Auction,D33,"(28, 29)",26,20.0
98,Auction,D34,"(56, 87)",24,19.0
98,Auction,D35,"(20, 58)",29,29.0
98,Auction,D36,"(46, 4)",17,30.0
98,Auction,D37,"(25, 27)",20,21.0
98,Auction,D38,"(20, 33)",14,20.0
98,Auction,D39,"(19, 2)",11,12.0
98,Auction,D40,"(54, 56)",10,26.0
98,Auction,D41,"(53, 60)",8,30.0
98,Auction,D42,"(37, 77)",10,18.0
98,Auction,D43,"(11, 2)",3,27.0
98,Q-Learning,D14,"(31, 20)",69,15.0
98,Q-Learning,D16,"(26, 4)",66,19.0
98,Q-Learning,D18,"(1, 41)",55,28.0
98,Q-Learning,D20,"(35, 97)",55,15.0
98,Q-Learning,D21,"(30, 45)",49,21.0
98,Q-Learning,D22,"(64, 45)",49,29.0
98,Q-Learning,D24,"(75, 76)",48,30.0
98,Q-Learning,D25,"(89, 98)",42,30.0
98,Q-Learning,D26,"(4, 72)",44,12.0
98,Q-Learning,D27,"(32, 2)",43,25.0
98,Q-Learning,D29,"(41, 10)",32,24.0
98,Q-Learning,D30,"(22, 64)",35,20.0
98,Q-Learning,D31,"(67, 7)",34,16.0
98,Q-Learning,D32,"(40, 34)",34,30.0
98,Q-Learning,D33,"(28, 29)",26,20.0
98,Q-Learning,D34,"(56, 87)",24,19.0
98,Q-Learning,D35,"(20, 58)",29,29.0
98,Q-Learning,D36,"(46, 4)",17,30.0
98,Q-Learning,D37,"(25, 27)",20,21.0
98,Q-Learning,D38,"(20, 33)",14,20.0
98,Q-Learning,D39,"(19, 2)",11,12.0
98,Q-Learning,D40,"(54, 56)",10,26.0
98,Q-Learning,D41,"(53, 60)",8,30.0
98,Q-Learning,D42,"(37, 77)",10,18.0
98,Q-Learning,D43,"(11, 2)",3,27.0
99,Greedy,D12,"(93, 54)",70,29.0
99,Greedy,D17,"(69, 56)",58,18.0
99,Greedy,D18,"(1, 41)",56,28.0
99,Greedy,D20,"(35, 97)",56,15.0
99,Greedy,D21,"(30, 45)",50,21.0
99,Greedy,D22,"(64, 45)",50,29.0
99,Greedy,D23,"(25, 51)",46,11.0
99,Greedy,D24,"(75, 76)",49,30.0
99,Greedy,D25,"(89, 98)",43,30.0
99,Greedy,D26,"(4, 72)",45,12.0
99,Greedy,D27,"(32, 2)",44,25.0
99,Greedy,D29,"(41, 10)",33,24.0
99,Greedy,D30,"(22, 64)",36,20.0
99,Greedy,D31,"(67, 7)",35,16.0
99,Greedy,D32,"(40, 34)",35,30.0
99,Greedy,D33,"(28, 29)",27,20.0
99,Greedy,D34,"(56, 87)",25,19.0
99,Greedy,D35,"(20, 58)",30,29.0
99,Greedy,D36,"(46, 4)",18,30.0
99,Greedy,D37,"(25, 27)",21,21.0
99,Greedy,D38,"(20, 33)",15,20.0
99,Greedy,D39,"(19, 2)",12,12.0
99,Greedy,D40,"(54, 56)",11,26.0
99,Greedy,D41,"(53, 60)",9,30.0
99,Greedy,D42,"(37, 77)",11,18.0
99,Greedy,D43,"(11, 2)",4,27.0
99,Greedy,D44,"(9, 72)",6,16.0
99,Auction,D17,"(69, 56)",58,18.0
99,Auction,D19,"(20, 63)",56,15.0
99,Auction,D21,"(30, 45)",50,21.0
99,Auction,D22,"(64, 45)",50,29.0
99,Auction,D23,"(25, 51)",46,11.0
99,Auction,D24,"(75, 76)",49,30.0
99,Auction,D25,"(89, 98)",43,30.0
99,Auction,D26,"(4, 72)",45,12.0
99,Auction,D27,"(32, 2)",44,25.0
99,Auction,D28,"(65, 5)",38,12.0
99,Auction,D29,"(41, 10)",33,24.0
99,Auction,D30,"(22, 64)",36,20.0
99,Auction,D31,"(67, 7)",35,16.0
99,Auction,D32,"(40, 34)",35,30.0
99,Auction,D33,"(28, 29)",27,20.0
99,Auction,D34,"(56, 87)",25,19.0
99,Auction,D35,"(20, 58)",30,29.0
99,Auction,D36,"(46, 4)",18,30.0
99,Auction,D37,"(25, 27)",21,21.0
99,Auction,D38,"(20, 33)",15,20.0
99,Auction,D39,"(19, 2)",12,12.0
99,Auction,D40,"(54, 56)",11,26.0
99,Auction,D41,"(53, 60)",9,30.0
99,Auction,D42,"(37, 77)",11,18.0
99,Auction,D43,"(11, 2)",4,27.0
99,Auction,D44,"(9, 72)",6,16.0
99,Q-Learning,D14,"(31, 20)",70,15.0
99,Q-Learning,D16,"(26, 4)",67,19.0
99,Q-Learning,D18,"(1, 41)",56,28.0
99,Q-Learning,D20,"(35, 97)",56,15.0
99,Q-Learning,D21,"(30, 45)",50,21.0
99,Q-Learning,D22,"(64, 45)",50,29.0
99,Q-Learning,D24,"(75, 76)",49,30.0
99,Q-Learning,D25,"(89, 98)",43,30.0
99,Q-Learning,D26,"(4, 72)",45,12.0
99,Q-Learning,D27,"(32, 2)",44,25.0
99,Q-Learning,D29,"(41, 10)",33,24.0
99,Q-Learning,D30,"(22, 64)",36,20.0
99,Q-Learning,D31,"(67, 7)",35,16.0
99,Q-Learning,D32,"(40, 34)",35,30.0
99,Q-Learning,D33,"(28, 29)",27,20.0
99,Q-Learning,D34,"(56, 87)",25,19.0
99,Q-Learning,D35,"(20, 58)",30,29.0
99,Q-Learning,D36,"(46, 4)",18,30.0
99,Q-Learning,D37,"(25, 27)",21,21.0
99,Q-Learning,D38,"(20, 33)",15,20.0
99,Q-Learning,D39,"(19, 2)",12,12.0
99,Q-Learning,D40,"(54, 56)",11,26.0
99,Q-Learning,D41,"(53, 60)",9,30.0
99,Q-Learning,D42,"(37, 77)",11,18.0
99,Q-Learning,D43,"(11, 2)",4,27.0
99,Q-Learning,D44,"(9, 72)",6,16.0
